"Years","Value","Index","Aggregation","District","Severo","Moderado","Leve"
"1982",-0.84,"SPI DJ","SPI 2","Chibuto",0,0,1
"1983",-0.55,"SPI DJ","SPI 2","Chibuto",0,0,0
"1984",0.79,"SPI DJ","SPI 2","Chibuto",0,0,0
"1985",0.68,"SPI DJ","SPI 2","Chibuto",0,0,0
"1986",-0.24,"SPI DJ","SPI 2","Chibuto",0,0,0
"1987",-0.21,"SPI DJ","SPI 2","Chibuto",0,0,0
"1988",-0.08,"SPI DJ","SPI 2","Chibuto",0,0,0
"1989",-2.02,"SPI DJ","SPI 2","Chibuto",1,1,1
"1990",0.61,"SPI DJ","SPI 2","Chibuto",0,0,0
"1991",-0.06,"SPI DJ","SPI 2","Chibuto",0,0,0
"1992",-1.11,"SPI DJ","SPI 2","Chibuto",1,1,1
"1993",0.21,"SPI DJ","SPI 2","Chibuto",0,0,0
"1994",0.3,"SPI DJ","SPI 2","Chibuto",0,0,0
"1995",-0.49,"SPI DJ","SPI 2","Chibuto",0,0,0
"1996",1.08,"SPI DJ","SPI 2","Chibuto",0,0,0
"1997",0.43,"SPI DJ","SPI 2","Chibuto",0,0,0
"1998",0.5,"SPI DJ","SPI 2","Chibuto",0,0,0
"1999",1.35,"SPI DJ","SPI 2","Chibuto",0,0,0
"2000",1.09,"SPI DJ","SPI 2","Chibuto",0,0,0
"2001",-1.22,"SPI DJ","SPI 2","Chibuto",1,1,1
"2002",0.27,"SPI DJ","SPI 2","Chibuto",0,0,0
"2003",-1.31,"SPI DJ","SPI 2","Chibuto",1,1,1
"2004",-0.4,"SPI DJ","SPI 2","Chibuto",0,0,0
"2005",-0.72,"SPI DJ","SPI 2","Chibuto",0,0,1
"2006",0.54,"SPI DJ","SPI 2","Chibuto",0,0,0
"2007",-0.07,"SPI DJ","SPI 2","Chibuto",0,0,0
"2008",0.61,"SPI DJ","SPI 2","Chibuto",0,0,0
"2009",0.24,"SPI DJ","SPI 2","Chibuto",0,0,0
"2010",-0.94,"SPI DJ","SPI 2","Chibuto",0,1,1
"2011",1.91,"SPI DJ","SPI 2","Chibuto",0,0,0
"2012",-0.58,"SPI DJ","SPI 2","Chibuto",0,0,0
"2013",2.01,"SPI DJ","SPI 2","Chibuto",0,0,0
"2014",0.36,"SPI DJ","SPI 2","Chibuto",0,0,0
"2015",-0.17,"SPI DJ","SPI 2","Chibuto",0,0,0
"2016",-1.68,"SPI DJ","SPI 2","Chibuto",1,1,1
"2017",1.55,"SPI DJ","SPI 2","Chibuto",0,0,0
"2018",-1.83,"SPI DJ","SPI 2","Chibuto",1,1,1
"2019",-0.07,"SPI DJ","SPI 2","Chibuto",0,0,0
"2020",-0.26,"SPI DJ","SPI 2","Chibuto",0,0,0
"2021",1.28,"SPI DJ","SPI 2","Chibuto",0,0,0
"1981",0.94,"SPI FM","SPI 2","Chibuto",0,0,0
"1982",-0.03,"SPI FM","SPI 2","Chibuto",0,0,0
"1983",-1.35,"SPI FM","SPI 2","Chibuto",1,1,1
"1984",-0.17,"SPI FM","SPI 2","Chibuto",0,0,0
"1985",0.47,"SPI FM","SPI 2","Chibuto",0,0,0
"1986",-0.9,"SPI FM","SPI 2","Chibuto",0,1,1
"1987",-0.55,"SPI FM","SPI 2","Chibuto",0,0,0
"1988",0.19,"SPI FM","SPI 2","Chibuto",0,0,0
"1989",-0.09,"SPI FM","SPI 2","Chibuto",0,0,0
"1990",0.42,"SPI FM","SPI 2","Chibuto",0,0,0
"1991",0.87,"SPI FM","SPI 2","Chibuto",0,0,0
"1992",-1.45,"SPI FM","SPI 2","Chibuto",1,1,1
"1993",1.05,"SPI FM","SPI 2","Chibuto",0,0,0
"1994",-1.45,"SPI FM","SPI 2","Chibuto",1,1,1
"1995",-0.26,"SPI FM","SPI 2","Chibuto",0,0,0
"1996",0,"SPI FM","SPI 2","Chibuto",0,0,0
"1997",0.61,"SPI FM","SPI 2","Chibuto",0,0,0
"1998",-0.98,"SPI FM","SPI 2","Chibuto",0,1,1
"1999",1.32,"SPI FM","SPI 2","Chibuto",0,0,0
"2000",2.62,"SPI FM","SPI 2","Chibuto",0,0,0
"2001",1.37,"SPI FM","SPI 2","Chibuto",0,0,0
"2002",-1.49,"SPI FM","SPI 2","Chibuto",1,1,1
"2003",0.45,"SPI FM","SPI 2","Chibuto",0,0,0
"2004",1.43,"SPI FM","SPI 2","Chibuto",0,0,0
"2005",-0.55,"SPI FM","SPI 2","Chibuto",0,0,0
"2006",0.88,"SPI FM","SPI 2","Chibuto",0,0,0
"2007",0.04,"SPI FM","SPI 2","Chibuto",0,0,0
"2008",-1.7,"SPI FM","SPI 2","Chibuto",1,1,1
"2009",-0.46,"SPI FM","SPI 2","Chibuto",0,0,0
"2010",-0.59,"SPI FM","SPI 2","Chibuto",0,0,0
"2011",-1.27,"SPI FM","SPI 2","Chibuto",1,1,1
"2012",-0.18,"SPI FM","SPI 2","Chibuto",0,0,0
"2013",-0.92,"SPI FM","SPI 2","Chibuto",0,1,1
"2014",0.48,"SPI FM","SPI 2","Chibuto",0,0,0
"2015",0.16,"SPI FM","SPI 2","Chibuto",0,0,0
"2016",-0.75,"SPI FM","SPI 2","Chibuto",0,0,1
"2017",0.64,"SPI FM","SPI 2","Chibuto",0,0,0
"2018",1.13,"SPI FM","SPI 2","Chibuto",0,0,0
"2019",0.87,"SPI FM","SPI 2","Chibuto",0,0,0
"2020",-0.09,"SPI FM","SPI 2","Chibuto",0,0,0
"2021",1.43,"SPI FM","SPI 2","Chibuto",0,0,0
"1981",0.8,"SPI JF","SPI 2","Chibuto",0,0,0
"1982",-0.22,"SPI JF","SPI 2","Chibuto",0,0,0
"1983",-0.97,"SPI JF","SPI 2","Chibuto",0,1,1
"1984",0.68,"SPI JF","SPI 2","Chibuto",0,0,0
"1985",1.02,"SPI JF","SPI 2","Chibuto",0,0,0
"1986",-0.78,"SPI JF","SPI 2","Chibuto",0,0,1
"1987",-0.87,"SPI JF","SPI 2","Chibuto",0,1,1
"1988",-0.9,"SPI JF","SPI 2","Chibuto",0,1,1
"1989",-0.8,"SPI JF","SPI 2","Chibuto",0,0,1
"1990",0.41,"SPI JF","SPI 2","Chibuto",0,0,0
"1991",0.07,"SPI JF","SPI 2","Chibuto",0,0,0
"1992",-1.08,"SPI JF","SPI 2","Chibuto",1,1,1
"1993",0.09,"SPI JF","SPI 2","Chibuto",0,0,0
"1994",-0.13,"SPI JF","SPI 2","Chibuto",0,0,0
"1995",-1.07,"SPI JF","SPI 2","Chibuto",1,1,1
"1996",1.23,"SPI JF","SPI 2","Chibuto",0,0,0
"1997",1,"SPI JF","SPI 2","Chibuto",0,0,0
"1998",0.45,"SPI JF","SPI 2","Chibuto",0,0,0
"1999",1.47,"SPI JF","SPI 2","Chibuto",0,0,0
"2000",2.42,"SPI JF","SPI 2","Chibuto",0,0,0
"2001",0.38,"SPI JF","SPI 2","Chibuto",0,0,0
"2002",-2,"SPI JF","SPI 2","Chibuto",1,1,1
"2003",-0.25,"SPI JF","SPI 2","Chibuto",0,0,0
"2004",0.36,"SPI JF","SPI 2","Chibuto",0,0,0
"2005",-0.94,"SPI JF","SPI 2","Chibuto",0,1,1
"2006",0.13,"SPI JF","SPI 2","Chibuto",0,0,0
"2007",-0.33,"SPI JF","SPI 2","Chibuto",0,0,0
"2008",-1.06,"SPI JF","SPI 2","Chibuto",1,1,1
"2009",-0.31,"SPI JF","SPI 2","Chibuto",0,0,0
"2010",-0.52,"SPI JF","SPI 2","Chibuto",0,0,0
"2011",1.4,"SPI JF","SPI 2","Chibuto",0,0,0
"2012",-0.91,"SPI JF","SPI 2","Chibuto",0,1,1
"2013",1.7,"SPI JF","SPI 2","Chibuto",0,0,0
"2014",-0.36,"SPI JF","SPI 2","Chibuto",0,0,0
"2015",-0.4,"SPI JF","SPI 2","Chibuto",0,0,0
"2016",-1.51,"SPI JF","SPI 2","Chibuto",1,1,1
"2017",1.38,"SPI JF","SPI 2","Chibuto",0,0,0
"2018",0.32,"SPI JF","SPI 2","Chibuto",0,0,0
"2019",0.88,"SPI JF","SPI 2","Chibuto",0,0,0
"2020",0.46,"SPI JF","SPI 2","Chibuto",0,0,0
"2021",2.18,"SPI JF","SPI 2","Chibuto",0,0,0
"1981",0.52,"SPI ND","SPI 2","Chibuto",0,0,0
"1982",-1.09,"SPI ND","SPI 2","Chibuto",1,1,1
"1983",-0.17,"SPI ND","SPI 2","Chibuto",0,0,0
"1984",0.15,"SPI ND","SPI 2","Chibuto",0,0,0
"1985",0.13,"SPI ND","SPI 2","Chibuto",0,0,0
"1986",-0.24,"SPI ND","SPI 2","Chibuto",0,0,0
"1987",0.33,"SPI ND","SPI 2","Chibuto",0,0,0
"1988",-1.99,"SPI ND","SPI 2","Chibuto",1,1,1
"1989",1.25,"SPI ND","SPI 2","Chibuto",0,0,0
"1990",0.07,"SPI ND","SPI 2","Chibuto",0,0,0
"1991",-1.56,"SPI ND","SPI 2","Chibuto",1,1,1
"1992",1.55,"SPI ND","SPI 2","Chibuto",0,0,0
"1993",0.59,"SPI ND","SPI 2","Chibuto",0,0,0
"1994",0.19,"SPI ND","SPI 2","Chibuto",0,0,0
"1995",-0.38,"SPI ND","SPI 2","Chibuto",0,0,0
"1996",-1.36,"SPI ND","SPI 2","Chibuto",1,1,1
"1997",-0.45,"SPI ND","SPI 2","Chibuto",0,0,0
"1998",2.04,"SPI ND","SPI 2","Chibuto",0,0,0
"1999",0.19,"SPI ND","SPI 2","Chibuto",0,0,0
"2000",0.36,"SPI ND","SPI 2","Chibuto",0,0,0
"2001",2.09,"SPI ND","SPI 2","Chibuto",0,0,0
"2002",-0.21,"SPI ND","SPI 2","Chibuto",0,0,0
"2003",-1.2,"SPI ND","SPI 2","Chibuto",1,1,1
"2004",-0.7,"SPI ND","SPI 2","Chibuto",0,0,1
"2005",0.47,"SPI ND","SPI 2","Chibuto",0,0,0
"2006",0.56,"SPI ND","SPI 2","Chibuto",0,0,0
"2007",1.49,"SPI ND","SPI 2","Chibuto",0,0,0
"2008",0.64,"SPI ND","SPI 2","Chibuto",0,0,0
"2009",-1.05,"SPI ND","SPI 2","Chibuto",1,1,1
"2010",0.75,"SPI ND","SPI 2","Chibuto",0,0,0
"2011",-0.3,"SPI ND","SPI 2","Chibuto",0,0,0
"2012",-0.34,"SPI ND","SPI 2","Chibuto",0,0,0
"2013",0.19,"SPI ND","SPI 2","Chibuto",0,0,0
"2014",0.06,"SPI ND","SPI 2","Chibuto",0,0,0
"2015",-1.35,"SPI ND","SPI 2","Chibuto",1,1,1
"2016",1.01,"SPI ND","SPI 2","Chibuto",0,0,0
"2017",-1.51,"SPI ND","SPI 2","Chibuto",1,1,1
"2018",-0.75,"SPI ND","SPI 2","Chibuto",0,0,1
"2019",-1.31,"SPI ND","SPI 2","Chibuto",1,1,1
"2020",0.41,"SPI ND","SPI 2","Chibuto",0,0,0
"1981",1.91,"SPI ON","SPI 2","Chibuto",0,0,0
"1982",-1.47,"SPI ON","SPI 2","Chibuto",1,1,1
"1983",-0.05,"SPI ON","SPI 2","Chibuto",0,0,0
"1984",0.59,"SPI ON","SPI 2","Chibuto",0,0,0
"1985",0.8,"SPI ON","SPI 2","Chibuto",0,0,0
"1986",-0.3,"SPI ON","SPI 2","Chibuto",0,0,0
"1987",-1.47,"SPI ON","SPI 2","Chibuto",1,1,1
"1988",-0.77,"SPI ON","SPI 2","Chibuto",0,0,1
"1989",1.5,"SPI ON","SPI 2","Chibuto",0,0,0
"1990",-1.37,"SPI ON","SPI 2","Chibuto",1,1,1
"1991",-1.41,"SPI ON","SPI 2","Chibuto",1,1,1
"1992",0.42,"SPI ON","SPI 2","Chibuto",0,0,0
"1993",1.03,"SPI ON","SPI 2","Chibuto",0,0,0
"1994",-0.95,"SPI ON","SPI 2","Chibuto",0,1,1
"1995",-0.38,"SPI ON","SPI 2","Chibuto",0,0,0
"1996",-1.15,"SPI ON","SPI 2","Chibuto",1,1,1
"1997",0.07,"SPI ON","SPI 2","Chibuto",0,0,0
"1998",0.97,"SPI ON","SPI 2","Chibuto",0,0,0
"1999",1.44,"SPI ON","SPI 2","Chibuto",0,0,0
"2000",1.29,"SPI ON","SPI 2","Chibuto",0,0,0
"2001",1.36,"SPI ON","SPI 2","Chibuto",0,0,0
"2002",1.43,"SPI ON","SPI 2","Chibuto",0,0,0
"2003",0.67,"SPI ON","SPI 2","Chibuto",0,0,0
"2004",0.46,"SPI ON","SPI 2","Chibuto",0,0,0
"2005",-0.03,"SPI ON","SPI 2","Chibuto",0,0,0
"2006",-0.41,"SPI ON","SPI 2","Chibuto",0,0,0
"2007",0.32,"SPI ON","SPI 2","Chibuto",0,0,0
"2008",-0.2,"SPI ON","SPI 2","Chibuto",0,0,0
"2009",-0.25,"SPI ON","SPI 2","Chibuto",0,0,0
"2010",-0.2,"SPI ON","SPI 2","Chibuto",0,0,0
"2011",0.18,"SPI ON","SPI 2","Chibuto",0,0,0
"2012",0.68,"SPI ON","SPI 2","Chibuto",0,0,0
"2013",0.13,"SPI ON","SPI 2","Chibuto",0,0,0
"2014",-1.81,"SPI ON","SPI 2","Chibuto",1,1,1
"2015",-0.49,"SPI ON","SPI 2","Chibuto",0,0,0
"2016",-0.58,"SPI ON","SPI 2","Chibuto",0,0,0
"2017",-0.87,"SPI ON","SPI 2","Chibuto",0,1,1
"2018",-1.11,"SPI ON","SPI 2","Chibuto",1,1,1
"2019",-0.05,"SPI ON","SPI 2","Chibuto",0,0,0
"2020",0.09,"SPI ON","SPI 2","Chibuto",0,0,0
"1982",-0.42,"SPI DJF","SPI 3","Chibuto",0,0,0
"1983",-1,"SPI DJF","SPI 3","Chibuto",1,1,1
"1984",0.46,"SPI DJF","SPI 3","Chibuto",0,0,0
"1985",0.84,"SPI DJF","SPI 3","Chibuto",0,0,0
"1986",-0.79,"SPI DJF","SPI 3","Chibuto",0,0,1
"1987",-0.76,"SPI DJF","SPI 3","Chibuto",0,0,1
"1988",-0.24,"SPI DJF","SPI 3","Chibuto",0,0,0
"1989",-1.27,"SPI DJF","SPI 3","Chibuto",1,1,1
"1990",0.6,"SPI DJF","SPI 3","Chibuto",0,0,0
"1991",0.29,"SPI DJF","SPI 3","Chibuto",0,0,0
"1992",-1.61,"SPI DJF","SPI 3","Chibuto",1,1,1
"1993",0.7,"SPI DJF","SPI 3","Chibuto",0,0,0
"1994",-0.26,"SPI DJF","SPI 3","Chibuto",0,0,0
"1995",-0.5,"SPI DJF","SPI 3","Chibuto",0,0,0
"1996",1.13,"SPI DJF","SPI 3","Chibuto",0,0,0
"1997",0.47,"SPI DJF","SPI 3","Chibuto",0,0,0
"1998",0.13,"SPI DJF","SPI 3","Chibuto",0,0,0
"1999",2.08,"SPI DJF","SPI 3","Chibuto",0,0,0
"2000",2.05,"SPI DJF","SPI 3","Chibuto",0,0,0
"2001",-0.03,"SPI DJF","SPI 3","Chibuto",0,0,0
"2002",-0.3,"SPI DJF","SPI 3","Chibuto",0,0,0
"2003",-0.65,"SPI DJF","SPI 3","Chibuto",0,0,0
"2004",-0.05,"SPI DJF","SPI 3","Chibuto",0,0,0
"2005",-1.23,"SPI DJF","SPI 3","Chibuto",1,1,1
"2006",0.16,"SPI DJF","SPI 3","Chibuto",0,0,0
"2007",-0.04,"SPI DJF","SPI 3","Chibuto",0,0,0
"2008",-0.06,"SPI DJF","SPI 3","Chibuto",0,0,0
"2009",0.01,"SPI DJF","SPI 3","Chibuto",0,0,0
"2010",-1.15,"SPI DJF","SPI 3","Chibuto",1,1,1
"2011",1.51,"SPI DJF","SPI 3","Chibuto",0,0,0
"2012",-0.92,"SPI DJF","SPI 3","Chibuto",0,1,1
"2013",1.48,"SPI DJF","SPI 3","Chibuto",0,0,0
"2014",-0.16,"SPI DJF","SPI 3","Chibuto",0,0,0
"2015",0.03,"SPI DJF","SPI 3","Chibuto",0,0,0
"2016",-2.13,"SPI DJF","SPI 3","Chibuto",1,1,1
"2017",1.7,"SPI DJF","SPI 3","Chibuto",0,0,0
"2018",-0.14,"SPI DJF","SPI 3","Chibuto",0,0,0
"2019",0.7,"SPI DJF","SPI 3","Chibuto",0,0,0
"2020",-0.08,"SPI DJF","SPI 3","Chibuto",0,0,0
"2021",2.2,"SPI DJF","SPI 3","Chibuto",0,0,0
"1981",0.7,"SPI JFM","SPI 3","Chibuto",0,0,0
"1982",-0.55,"SPI JFM","SPI 3","Chibuto",0,0,0
"1983",-1.29,"SPI JFM","SPI 3","Chibuto",1,1,1
"1984",0.62,"SPI JFM","SPI 3","Chibuto",0,0,0
"1985",0.85,"SPI JFM","SPI 3","Chibuto",0,0,0
"1986",-0.76,"SPI JFM","SPI 3","Chibuto",0,0,1
"1987",-0.63,"SPI JFM","SPI 3","Chibuto",0,0,0
"1988",-0.47,"SPI JFM","SPI 3","Chibuto",0,0,0
"1989",-0.99,"SPI JFM","SPI 3","Chibuto",0,1,1
"1990",0.47,"SPI JFM","SPI 3","Chibuto",0,0,0
"1991",0.31,"SPI JFM","SPI 3","Chibuto",0,0,0
"1992",-1.38,"SPI JFM","SPI 3","Chibuto",1,1,1
"1993",0.27,"SPI JFM","SPI 3","Chibuto",0,0,0
"1994",-0.49,"SPI JFM","SPI 3","Chibuto",0,0,0
"1995",-1.09,"SPI JFM","SPI 3","Chibuto",1,1,1
"1996",0.84,"SPI JFM","SPI 3","Chibuto",0,0,0
"1997",1.04,"SPI JFM","SPI 3","Chibuto",0,0,0
"1998",0.06,"SPI JFM","SPI 3","Chibuto",0,0,0
"1999",1.15,"SPI JFM","SPI 3","Chibuto",0,0,0
"2000",2.76,"SPI JFM","SPI 3","Chibuto",0,0,0
"2001",0.59,"SPI JFM","SPI 3","Chibuto",0,0,0
"2002",-2.11,"SPI JFM","SPI 3","Chibuto",1,1,1
"2003",-0.26,"SPI JFM","SPI 3","Chibuto",0,0,0
"2004",1.02,"SPI JFM","SPI 3","Chibuto",0,0,0
"2005",-0.71,"SPI JFM","SPI 3","Chibuto",0,0,1
"2006",0.89,"SPI JFM","SPI 3","Chibuto",0,0,0
"2007",-0.38,"SPI JFM","SPI 3","Chibuto",0,0,0
"2008",-1.29,"SPI JFM","SPI 3","Chibuto",1,1,1
"2009",-0.47,"SPI JFM","SPI 3","Chibuto",0,0,0
"2010",-0.64,"SPI JFM","SPI 3","Chibuto",0,0,0
"2011",0.91,"SPI JFM","SPI 3","Chibuto",0,0,0
"2012",-0.56,"SPI JFM","SPI 3","Chibuto",0,0,0
"2013",1.43,"SPI JFM","SPI 3","Chibuto",0,0,0
"2014",0.4,"SPI JFM","SPI 3","Chibuto",0,0,0
"2015",-0.49,"SPI JFM","SPI 3","Chibuto",0,0,0
"2016",-1.21,"SPI JFM","SPI 3","Chibuto",1,1,1
"2017",1.19,"SPI JFM","SPI 3","Chibuto",0,0,0
"2018",0.18,"SPI JFM","SPI 3","Chibuto",0,0,0
"2019",0.59,"SPI JFM","SPI 3","Chibuto",0,0,0
"2020",0.12,"SPI JFM","SPI 3","Chibuto",0,0,0
"2021",1.71,"SPI JFM","SPI 3","Chibuto",0,0,0
"1982",-0.24,"SPI NDJ","SPI 3","Chibuto",0,0,0
"1983",-0.99,"SPI NDJ","SPI 3","Chibuto",0,1,1
"1984",0.73,"SPI NDJ","SPI 3","Chibuto",0,0,0
"1985",0.72,"SPI NDJ","SPI 3","Chibuto",0,0,0
"1986",-0.08,"SPI NDJ","SPI 3","Chibuto",0,0,0
"1987",-0.37,"SPI NDJ","SPI 3","Chibuto",0,0,0
"1988",-0.44,"SPI NDJ","SPI 3","Chibuto",0,0,0
"1989",-2.36,"SPI NDJ","SPI 3","Chibuto",1,1,1
"1990",0.9,"SPI NDJ","SPI 3","Chibuto",0,0,0
"1991",-0.37,"SPI NDJ","SPI 3","Chibuto",0,0,0
"1992",-1.24,"SPI NDJ","SPI 3","Chibuto",1,1,1
"1993",0.36,"SPI NDJ","SPI 3","Chibuto",0,0,0
"1994",0.62,"SPI NDJ","SPI 3","Chibuto",0,0,0
"1995",-0.78,"SPI NDJ","SPI 3","Chibuto",0,0,1
"1996",0.79,"SPI NDJ","SPI 3","Chibuto",0,0,0
"1997",0.26,"SPI NDJ","SPI 3","Chibuto",0,0,0
"1998",0.45,"SPI NDJ","SPI 3","Chibuto",0,0,0
"1999",1.39,"SPI NDJ","SPI 3","Chibuto",0,0,0
"2000",1.34,"SPI NDJ","SPI 3","Chibuto",0,0,0
"2001",-0.38,"SPI NDJ","SPI 3","Chibuto",0,0,0
"2002",0.61,"SPI NDJ","SPI 3","Chibuto",0,0,0
"2003",-0.81,"SPI NDJ","SPI 3","Chibuto",0,0,1
"2004",-0.62,"SPI NDJ","SPI 3","Chibuto",0,0,0
"2005",-0.7,"SPI NDJ","SPI 3","Chibuto",0,0,1
"2006",0.59,"SPI NDJ","SPI 3","Chibuto",0,0,0
"2007",-0.08,"SPI NDJ","SPI 3","Chibuto",0,0,0
"2008",0.67,"SPI NDJ","SPI 3","Chibuto",0,0,0
"2009",0.22,"SPI NDJ","SPI 3","Chibuto",0,0,0
"2010",-0.78,"SPI NDJ","SPI 3","Chibuto",0,0,1
"2011",1.83,"SPI NDJ","SPI 3","Chibuto",0,0,0
"2012",-0.61,"SPI NDJ","SPI 3","Chibuto",0,0,0
"2013",1.85,"SPI NDJ","SPI 3","Chibuto",0,0,0
"2014",0.21,"SPI NDJ","SPI 3","Chibuto",0,0,0
"2015",-0.61,"SPI NDJ","SPI 3","Chibuto",0,0,0
"2016",-1.47,"SPI NDJ","SPI 3","Chibuto",1,1,1
"2017",1.38,"SPI NDJ","SPI 3","Chibuto",0,0,0
"2018",-1.97,"SPI NDJ","SPI 3","Chibuto",1,1,1
"2019",-0.4,"SPI NDJ","SPI 3","Chibuto",0,0,0
"2020",-0.37,"SPI NDJ","SPI 3","Chibuto",0,0,0
"2021",1.11,"SPI NDJ","SPI 3","Chibuto",0,0,0
"1981",0.84,"SPI OND","SPI 3","Chibuto",0,0,0
"1982",-1.07,"SPI OND","SPI 3","Chibuto",1,1,1
"1983",-0.32,"SPI OND","SPI 3","Chibuto",0,0,0
"1984",0.16,"SPI OND","SPI 3","Chibuto",0,0,0
"1985",0.25,"SPI OND","SPI 3","Chibuto",0,0,0
"1986",-0.19,"SPI OND","SPI 3","Chibuto",0,0,0
"1987",0.18,"SPI OND","SPI 3","Chibuto",0,0,0
"1988",-1.47,"SPI OND","SPI 3","Chibuto",1,1,1
"1989",1.31,"SPI OND","SPI 3","Chibuto",0,0,0
"1990",-0.12,"SPI OND","SPI 3","Chibuto",0,0,0
"1991",-2,"SPI OND","SPI 3","Chibuto",1,1,1
"1992",1.39,"SPI OND","SPI 3","Chibuto",0,0,0
"1993",0.4,"SPI OND","SPI 3","Chibuto",0,0,0
"1994",0.16,"SPI OND","SPI 3","Chibuto",0,0,0
"1995",-0.13,"SPI OND","SPI 3","Chibuto",0,0,0
"1996",-1.86,"SPI OND","SPI 3","Chibuto",1,1,1
"1997",-0.51,"SPI OND","SPI 3","Chibuto",0,0,0
"1998",2.2,"SPI OND","SPI 3","Chibuto",0,0,0
"1999",0.19,"SPI OND","SPI 3","Chibuto",0,0,0
"2000",0.13,"SPI OND","SPI 3","Chibuto",0,0,0
"2001",2.1,"SPI OND","SPI 3","Chibuto",0,0,0
"2002",0.22,"SPI OND","SPI 3","Chibuto",0,0,0
"2003",-0.33,"SPI OND","SPI 3","Chibuto",0,0,0
"2004",-0.38,"SPI OND","SPI 3","Chibuto",0,0,0
"2005",0.15,"SPI OND","SPI 3","Chibuto",0,0,0
"2006",0.29,"SPI OND","SPI 3","Chibuto",0,0,0
"2007",1.37,"SPI OND","SPI 3","Chibuto",0,0,0
"2008",0.44,"SPI OND","SPI 3","Chibuto",0,0,0
"2009",-1.37,"SPI OND","SPI 3","Chibuto",1,1,1
"2010",0.52,"SPI OND","SPI 3","Chibuto",0,0,0
"2011",-0.14,"SPI OND","SPI 3","Chibuto",0,0,0
"2012",0.17,"SPI OND","SPI 3","Chibuto",0,0,0
"2013",0.39,"SPI OND","SPI 3","Chibuto",0,0,0
"2014",-0.05,"SPI OND","SPI 3","Chibuto",0,0,0
"2015",-1.59,"SPI OND","SPI 3","Chibuto",1,1,1
"2016",0.89,"SPI OND","SPI 3","Chibuto",0,0,0
"2017",-1.42,"SPI OND","SPI 3","Chibuto",1,1,1
"2018",-0.78,"SPI OND","SPI 3","Chibuto",0,0,1
"2019",-1.09,"SPI OND","SPI 3","Chibuto",1,1,1
"2020",0.54,"SPI OND","SPI 3","Chibuto",0,0,0
"1982",-0.69,"SPI DJ","SPI 2","Guija",0,0,1
"1983",-0.43,"SPI DJ","SPI 2","Guija",0,0,0
"1984",0.69,"SPI DJ","SPI 2","Guija",0,0,0
"1985",0.27,"SPI DJ","SPI 2","Guija",0,0,0
"1986",0.17,"SPI DJ","SPI 2","Guija",0,0,0
"1987",-0.53,"SPI DJ","SPI 2","Guija",0,0,0
"1988",-0.29,"SPI DJ","SPI 2","Guija",0,0,0
"1989",-2.26,"SPI DJ","SPI 2","Guija",1,1,1
"1990",0.7,"SPI DJ","SPI 2","Guija",0,0,0
"1991",0.37,"SPI DJ","SPI 2","Guija",0,0,0
"1992",-0.91,"SPI DJ","SPI 2","Guija",0,1,1
"1993",0.31,"SPI DJ","SPI 2","Guija",0,0,0
"1994",0.51,"SPI DJ","SPI 2","Guija",0,0,0
"1995",-0.34,"SPI DJ","SPI 2","Guija",0,0,0
"1996",1.2,"SPI DJ","SPI 2","Guija",0,0,0
"1997",0.04,"SPI DJ","SPI 2","Guija",0,0,0
"1998",0.68,"SPI DJ","SPI 2","Guija",0,0,0
"1999",1.25,"SPI DJ","SPI 2","Guija",0,0,0
"2000",1.11,"SPI DJ","SPI 2","Guija",0,0,0
"2001",-1.06,"SPI DJ","SPI 2","Guija",1,1,1
"2002",0.3,"SPI DJ","SPI 2","Guija",0,0,0
"2003",-1.36,"SPI DJ","SPI 2","Guija",1,1,1
"2004",-0.36,"SPI DJ","SPI 2","Guija",0,0,0
"2005",-0.9,"SPI DJ","SPI 2","Guija",0,1,1
"2006",0.47,"SPI DJ","SPI 2","Guija",0,0,0
"2007",-0.41,"SPI DJ","SPI 2","Guija",0,0,0
"2008",0.45,"SPI DJ","SPI 2","Guija",0,0,0
"2009",0.45,"SPI DJ","SPI 2","Guija",0,0,0
"2010",-0.84,"SPI DJ","SPI 2","Guija",0,0,1
"2011",1.7,"SPI DJ","SPI 2","Guija",0,0,0
"2012",-0.71,"SPI DJ","SPI 2","Guija",0,0,1
"2013",2.12,"SPI DJ","SPI 2","Guija",0,0,0
"2014",0.42,"SPI DJ","SPI 2","Guija",0,0,0
"2015",-0.09,"SPI DJ","SPI 2","Guija",0,0,0
"2016",-1.45,"SPI DJ","SPI 2","Guija",1,1,1
"2017",1.58,"SPI DJ","SPI 2","Guija",0,0,0
"2018",-2.12,"SPI DJ","SPI 2","Guija",1,1,1
"2019",-0.18,"SPI DJ","SPI 2","Guija",0,0,0
"2020",-0.49,"SPI DJ","SPI 2","Guija",0,0,0
"2021",1.21,"SPI DJ","SPI 2","Guija",0,0,0
"1981",0.89,"SPI FM","SPI 2","Guija",0,0,0
"1982",-0.29,"SPI FM","SPI 2","Guija",0,0,0
"1983",-1.03,"SPI FM","SPI 2","Guija",1,1,1
"1984",-0.15,"SPI FM","SPI 2","Guija",0,0,0
"1985",0.72,"SPI FM","SPI 2","Guija",0,0,0
"1986",-0.95,"SPI FM","SPI 2","Guija",0,1,1
"1987",-0.73,"SPI FM","SPI 2","Guija",0,0,1
"1988",-0.06,"SPI FM","SPI 2","Guija",0,0,0
"1989",0.02,"SPI FM","SPI 2","Guija",0,0,0
"1990",0.26,"SPI FM","SPI 2","Guija",0,0,0
"1991",0.72,"SPI FM","SPI 2","Guija",0,0,0
"1992",-1.56,"SPI FM","SPI 2","Guija",1,1,1
"1993",1.02,"SPI FM","SPI 2","Guija",0,0,0
"1994",-1.25,"SPI FM","SPI 2","Guija",1,1,1
"1995",-0.28,"SPI FM","SPI 2","Guija",0,0,0
"1996",0.19,"SPI FM","SPI 2","Guija",0,0,0
"1997",0.66,"SPI FM","SPI 2","Guija",0,0,0
"1998",-1.2,"SPI FM","SPI 2","Guija",1,1,1
"1999",1.25,"SPI FM","SPI 2","Guija",0,0,0
"2000",2.77,"SPI FM","SPI 2","Guija",0,0,0
"2001",1.2,"SPI FM","SPI 2","Guija",0,0,0
"2002",-1.4,"SPI FM","SPI 2","Guija",1,1,1
"2003",0.64,"SPI FM","SPI 2","Guija",0,0,0
"2004",1.48,"SPI FM","SPI 2","Guija",0,0,0
"2005",-0.45,"SPI FM","SPI 2","Guija",0,0,0
"2006",1.01,"SPI FM","SPI 2","Guija",0,0,0
"2007",-0.33,"SPI FM","SPI 2","Guija",0,0,0
"2008",-1.42,"SPI FM","SPI 2","Guija",1,1,1
"2009",-0.52,"SPI FM","SPI 2","Guija",0,0,0
"2010",-0.79,"SPI FM","SPI 2","Guija",0,0,1
"2011",-1.21,"SPI FM","SPI 2","Guija",1,1,1
"2012",-0.34,"SPI FM","SPI 2","Guija",0,0,0
"2013",-1.17,"SPI FM","SPI 2","Guija",1,1,1
"2014",0.77,"SPI FM","SPI 2","Guija",0,0,0
"2015",-0.12,"SPI FM","SPI 2","Guija",0,0,0
"2016",-0.43,"SPI FM","SPI 2","Guija",0,0,0
"2017",0.58,"SPI FM","SPI 2","Guija",0,0,0
"2018",1.39,"SPI FM","SPI 2","Guija",0,0,0
"2019",1.14,"SPI FM","SPI 2","Guija",0,0,0
"2020",0.02,"SPI FM","SPI 2","Guija",0,0,0
"2021",1.38,"SPI FM","SPI 2","Guija",0,0,0
"1981",0.73,"SPI JF","SPI 2","Guija",0,0,0
"1982",-0.5,"SPI JF","SPI 2","Guija",0,0,0
"1983",-0.81,"SPI JF","SPI 2","Guija",0,0,1
"1984",0.53,"SPI JF","SPI 2","Guija",0,0,0
"1985",0.82,"SPI JF","SPI 2","Guija",0,0,0
"1986",-0.17,"SPI JF","SPI 2","Guija",0,0,0
"1987",-1.02,"SPI JF","SPI 2","Guija",1,1,1
"1988",-0.9,"SPI JF","SPI 2","Guija",0,1,1
"1989",-0.83,"SPI JF","SPI 2","Guija",0,0,1
"1990",0.51,"SPI JF","SPI 2","Guija",0,0,0
"1991",-0.03,"SPI JF","SPI 2","Guija",0,0,0
"1992",-0.97,"SPI JF","SPI 2","Guija",0,1,1
"1993",0.05,"SPI JF","SPI 2","Guija",0,0,0
"1994",-0.17,"SPI JF","SPI 2","Guija",0,0,0
"1995",-1.13,"SPI JF","SPI 2","Guija",1,1,1
"1996",1.34,"SPI JF","SPI 2","Guija",0,0,0
"1997",0.9,"SPI JF","SPI 2","Guija",0,0,0
"1998",0.53,"SPI JF","SPI 2","Guija",0,0,0
"1999",1.39,"SPI JF","SPI 2","Guija",0,0,0
"2000",2.65,"SPI JF","SPI 2","Guija",0,0,0
"2001",0.42,"SPI JF","SPI 2","Guija",0,0,0
"2002",-2.05,"SPI JF","SPI 2","Guija",1,1,1
"2003",-0.06,"SPI JF","SPI 2","Guija",0,0,0
"2004",0.43,"SPI JF","SPI 2","Guija",0,0,0
"2005",-0.8,"SPI JF","SPI 2","Guija",0,0,1
"2006",0.3,"SPI JF","SPI 2","Guija",0,0,0
"2007",-1.05,"SPI JF","SPI 2","Guija",1,1,1
"2008",-1.24,"SPI JF","SPI 2","Guija",1,1,1
"2009",-0.18,"SPI JF","SPI 2","Guija",0,0,0
"2010",-0.5,"SPI JF","SPI 2","Guija",0,0,0
"2011",1.05,"SPI JF","SPI 2","Guija",0,0,0
"2012",-0.89,"SPI JF","SPI 2","Guija",0,1,1
"2013",1.77,"SPI JF","SPI 2","Guija",0,0,0
"2014",-0.36,"SPI JF","SPI 2","Guija",0,0,0
"2015",-0.56,"SPI JF","SPI 2","Guija",0,0,0
"2016",-1.25,"SPI JF","SPI 2","Guija",1,1,1
"2017",1.41,"SPI JF","SPI 2","Guija",0,0,0
"2018",0.51,"SPI JF","SPI 2","Guija",0,0,0
"2019",0.98,"SPI JF","SPI 2","Guija",0,0,0
"2020",0.6,"SPI JF","SPI 2","Guija",0,0,0
"2021",2.25,"SPI JF","SPI 2","Guija",0,0,0
"1981",0.96,"SPI ND","SPI 2","Guija",0,0,0
"1982",-1.03,"SPI ND","SPI 2","Guija",1,1,1
"1983",-0.23,"SPI ND","SPI 2","Guija",0,0,0
"1984",0.17,"SPI ND","SPI 2","Guija",0,0,0
"1985",0,"SPI ND","SPI 2","Guija",0,0,0
"1986",-0.9,"SPI ND","SPI 2","Guija",0,1,1
"1987",0.22,"SPI ND","SPI 2","Guija",0,0,0
"1988",-1.93,"SPI ND","SPI 2","Guija",1,1,1
"1989",0.96,"SPI ND","SPI 2","Guija",0,0,0
"1990",0.18,"SPI ND","SPI 2","Guija",0,0,0
"1991",-1.55,"SPI ND","SPI 2","Guija",1,1,1
"1992",1.66,"SPI ND","SPI 2","Guija",0,0,0
"1993",0.73,"SPI ND","SPI 2","Guija",0,0,0
"1994",0.34,"SPI ND","SPI 2","Guija",0,0,0
"1995",-0.22,"SPI ND","SPI 2","Guija",0,0,0
"1996",-2.05,"SPI ND","SPI 2","Guija",1,1,1
"1997",-0.24,"SPI ND","SPI 2","Guija",0,0,0
"1998",1.76,"SPI ND","SPI 2","Guija",0,0,0
"1999",0.32,"SPI ND","SPI 2","Guija",0,0,0
"2000",0.56,"SPI ND","SPI 2","Guija",0,0,0
"2001",2.04,"SPI ND","SPI 2","Guija",0,0,0
"2002",-0.23,"SPI ND","SPI 2","Guija",0,0,0
"2003",-1.06,"SPI ND","SPI 2","Guija",1,1,1
"2004",-0.78,"SPI ND","SPI 2","Guija",0,0,1
"2005",0.22,"SPI ND","SPI 2","Guija",0,0,0
"2006",0.47,"SPI ND","SPI 2","Guija",0,0,0
"2007",1.15,"SPI ND","SPI 2","Guija",0,0,0
"2008",0.84,"SPI ND","SPI 2","Guija",0,0,0
"2009",-0.84,"SPI ND","SPI 2","Guija",0,0,1
"2010",0.86,"SPI ND","SPI 2","Guija",0,0,0
"2011",-0.46,"SPI ND","SPI 2","Guija",0,0,0
"2012",-0.25,"SPI ND","SPI 2","Guija",0,0,0
"2013",0.32,"SPI ND","SPI 2","Guija",0,0,0
"2014",0.08,"SPI ND","SPI 2","Guija",0,0,0
"2015",-1.24,"SPI ND","SPI 2","Guija",1,1,1
"2016",1.15,"SPI ND","SPI 2","Guija",0,0,0
"2017",-1.54,"SPI ND","SPI 2","Guija",1,1,1
"2018",-0.47,"SPI ND","SPI 2","Guija",0,0,0
"2019",-1.34,"SPI ND","SPI 2","Guija",1,1,1
"2020",0.04,"SPI ND","SPI 2","Guija",0,0,0
"1981",2.2,"SPI ON","SPI 2","Guija",0,0,0
"1982",-1.56,"SPI ON","SPI 2","Guija",1,1,1
"1983",-0.06,"SPI ON","SPI 2","Guija",0,0,0
"1984",0.8,"SPI ON","SPI 2","Guija",0,0,0
"1985",0.93,"SPI ON","SPI 2","Guija",0,0,0
"1986",-0.93,"SPI ON","SPI 2","Guija",0,1,1
"1987",-1.33,"SPI ON","SPI 2","Guija",1,1,1
"1988",-1.07,"SPI ON","SPI 2","Guija",1,1,1
"1989",1.16,"SPI ON","SPI 2","Guija",0,0,0
"1990",-1.53,"SPI ON","SPI 2","Guija",1,1,1
"1991",-1.34,"SPI ON","SPI 2","Guija",1,1,1
"1992",0.41,"SPI ON","SPI 2","Guija",0,0,0
"1993",0.78,"SPI ON","SPI 2","Guija",0,0,0
"1994",-0.78,"SPI ON","SPI 2","Guija",0,0,1
"1995",-0.13,"SPI ON","SPI 2","Guija",0,0,0
"1996",-1.54,"SPI ON","SPI 2","Guija",1,1,1
"1997",0.19,"SPI ON","SPI 2","Guija",0,0,0
"1998",0.5,"SPI ON","SPI 2","Guija",0,0,0
"1999",1.51,"SPI ON","SPI 2","Guija",0,0,0
"2000",1.5,"SPI ON","SPI 2","Guija",0,0,0
"2001",1.45,"SPI ON","SPI 2","Guija",0,0,0
"2002",1.27,"SPI ON","SPI 2","Guija",0,0,0
"2003",0.59,"SPI ON","SPI 2","Guija",0,0,0
"2004",0.67,"SPI ON","SPI 2","Guija",0,0,0
"2005",-0.09,"SPI ON","SPI 2","Guija",0,0,0
"2006",-0.42,"SPI ON","SPI 2","Guija",0,0,0
"2007",-0.04,"SPI ON","SPI 2","Guija",0,0,0
"2008",0.03,"SPI ON","SPI 2","Guija",0,0,0
"2009",-0.15,"SPI ON","SPI 2","Guija",0,0,0
"2010",0.09,"SPI ON","SPI 2","Guija",0,0,0
"2011",0.41,"SPI ON","SPI 2","Guija",0,0,0
"2012",0.69,"SPI ON","SPI 2","Guija",0,0,0
"2013",0.15,"SPI ON","SPI 2","Guija",0,0,0
"2014",-1.48,"SPI ON","SPI 2","Guija",1,1,1
"2015",-0.6,"SPI ON","SPI 2","Guija",0,0,0
"2016",-0.39,"SPI ON","SPI 2","Guija",0,0,0
"2017",-0.85,"SPI ON","SPI 2","Guija",0,1,1
"2018",-1.06,"SPI ON","SPI 2","Guija",1,1,1
"2019",0.11,"SPI ON","SPI 2","Guija",0,0,0
"2020",0.18,"SPI ON","SPI 2","Guija",0,0,0
"1982",-0.5,"SPI DJF","SPI 3","Guija",0,0,0
"1983",-0.84,"SPI DJF","SPI 3","Guija",0,0,1
"1984",0.29,"SPI DJF","SPI 3","Guija",0,0,0
"1985",0.58,"SPI DJF","SPI 3","Guija",0,0,0
"1986",-0.39,"SPI DJF","SPI 3","Guija",0,0,0
"1987",-1.16,"SPI DJF","SPI 3","Guija",1,1,1
"1988",-0.31,"SPI DJF","SPI 3","Guija",0,0,0
"1989",-1.33,"SPI DJF","SPI 3","Guija",1,1,1
"1990",0.62,"SPI DJF","SPI 3","Guija",0,0,0
"1991",0.35,"SPI DJF","SPI 3","Guija",0,0,0
"1992",-1.6,"SPI DJF","SPI 3","Guija",1,1,1
"1993",0.83,"SPI DJF","SPI 3","Guija",0,0,0
"1994",-0.09,"SPI DJF","SPI 3","Guija",0,0,0
"1995",-0.37,"SPI DJF","SPI 3","Guija",0,0,0
"1996",1.26,"SPI DJF","SPI 3","Guija",0,0,0
"1997",0.18,"SPI DJF","SPI 3","Guija",0,0,0
"1998",0.24,"SPI DJF","SPI 3","Guija",0,0,0
"1999",2.05,"SPI DJF","SPI 3","Guija",0,0,0
"2000",2.29,"SPI DJF","SPI 3","Guija",0,0,0
"2001",0.02,"SPI DJF","SPI 3","Guija",0,0,0
"2002",-0.3,"SPI DJF","SPI 3","Guija",0,0,0
"2003",-0.48,"SPI DJF","SPI 3","Guija",0,0,0
"2004",-0.01,"SPI DJF","SPI 3","Guija",0,0,0
"2005",-1.31,"SPI DJF","SPI 3","Guija",1,1,1
"2006",0.21,"SPI DJF","SPI 3","Guija",0,0,0
"2007",-0.58,"SPI DJF","SPI 3","Guija",0,0,0
"2008",-0.22,"SPI DJF","SPI 3","Guija",0,0,0
"2009",0.2,"SPI DJF","SPI 3","Guija",0,0,0
"2010",-1.14,"SPI DJF","SPI 3","Guija",1,1,1
"2011",1.26,"SPI DJF","SPI 3","Guija",0,0,0
"2012",-1.06,"SPI DJF","SPI 3","Guija",1,1,1
"2013",1.57,"SPI DJF","SPI 3","Guija",0,0,0
"2014",-0.09,"SPI DJF","SPI 3","Guija",0,0,0
"2015",-0.12,"SPI DJF","SPI 3","Guija",0,0,0
"2016",-1.92,"SPI DJF","SPI 3","Guija",1,1,1
"2017",1.84,"SPI DJF","SPI 3","Guija",0,0,0
"2018",-0.02,"SPI DJF","SPI 3","Guija",0,0,0
"2019",0.87,"SPI DJF","SPI 3","Guija",0,0,0
"2020",-0.12,"SPI DJF","SPI 3","Guija",0,0,0
"2021",2.18,"SPI DJF","SPI 3","Guija",0,0,0
"1981",0.58,"SPI JFM","SPI 3","Guija",0,0,0
"1982",-0.85,"SPI JFM","SPI 3","Guija",0,1,1
"1983",-1.04,"SPI JFM","SPI 3","Guija",1,1,1
"1984",0.56,"SPI JFM","SPI 3","Guija",0,0,0
"1985",0.78,"SPI JFM","SPI 3","Guija",0,0,0
"1986",-0.32,"SPI JFM","SPI 3","Guija",0,0,0
"1987",-0.81,"SPI JFM","SPI 3","Guija",0,0,1
"1988",-0.81,"SPI JFM","SPI 3","Guija",0,0,1
"1989",-0.98,"SPI JFM","SPI 3","Guija",0,1,1
"1990",0.5,"SPI JFM","SPI 3","Guija",0,0,0
"1991",0.4,"SPI JFM","SPI 3","Guija",0,0,0
"1992",-1.22,"SPI JFM","SPI 3","Guija",1,1,1
"1993",0.2,"SPI JFM","SPI 3","Guija",0,0,0
"1994",-0.42,"SPI JFM","SPI 3","Guija",0,0,0
"1995",-1.17,"SPI JFM","SPI 3","Guija",1,1,1
"1996",1.04,"SPI JFM","SPI 3","Guija",0,0,0
"1997",0.96,"SPI JFM","SPI 3","Guija",0,0,0
"1998",0.07,"SPI JFM","SPI 3","Guija",0,0,0
"1999",1.01,"SPI JFM","SPI 3","Guija",0,0,0
"2000",2.94,"SPI JFM","SPI 3","Guija",0,0,0
"2001",0.52,"SPI JFM","SPI 3","Guija",0,0,0
"2002",-2.08,"SPI JFM","SPI 3","Guija",1,1,1
"2003",-0.1,"SPI JFM","SPI 3","Guija",0,0,0
"2004",1.12,"SPI JFM","SPI 3","Guija",0,0,0
"2005",-0.62,"SPI JFM","SPI 3","Guija",0,0,0
"2006",1.03,"SPI JFM","SPI 3","Guija",0,0,0
"2007",-0.99,"SPI JFM","SPI 3","Guija",0,1,1
"2008",-1.33,"SPI JFM","SPI 3","Guija",1,1,1
"2009",-0.4,"SPI JFM","SPI 3","Guija",0,0,0
"2010",-0.71,"SPI JFM","SPI 3","Guija",0,0,1
"2011",0.62,"SPI JFM","SPI 3","Guija",0,0,0
"2012",-0.67,"SPI JFM","SPI 3","Guija",0,0,0
"2013",1.41,"SPI JFM","SPI 3","Guija",0,0,0
"2014",0.63,"SPI JFM","SPI 3","Guija",0,0,0
"2015",-0.62,"SPI JFM","SPI 3","Guija",0,0,0
"2016",-0.82,"SPI JFM","SPI 3","Guija",0,0,1
"2017",1.09,"SPI JFM","SPI 3","Guija",0,0,0
"2018",0.41,"SPI JFM","SPI 3","Guija",0,0,0
"2019",0.67,"SPI JFM","SPI 3","Guija",0,0,0
"2020",0.17,"SPI JFM","SPI 3","Guija",0,0,0
"2021",1.74,"SPI JFM","SPI 3","Guija",0,0,0
"1982",0.07,"SPI NDJ","SPI 3","Guija",0,0,0
"1983",-0.9,"SPI NDJ","SPI 3","Guija",0,1,1
"1984",0.62,"SPI NDJ","SPI 3","Guija",0,0,0
"1985",0.42,"SPI NDJ","SPI 3","Guija",0,0,0
"1986",0.28,"SPI NDJ","SPI 3","Guija",0,0,0
"1987",-0.82,"SPI NDJ","SPI 3","Guija",0,0,1
"1988",-0.63,"SPI NDJ","SPI 3","Guija",0,0,0
"1989",-2.59,"SPI NDJ","SPI 3","Guija",1,1,1
"1990",0.91,"SPI NDJ","SPI 3","Guija",0,0,0
"1991",-0.04,"SPI NDJ","SPI 3","Guija",0,0,0
"1992",-1.06,"SPI NDJ","SPI 3","Guija",1,1,1
"1993",0.47,"SPI NDJ","SPI 3","Guija",0,0,0
"1994",0.75,"SPI NDJ","SPI 3","Guija",0,0,0
"1995",-0.69,"SPI NDJ","SPI 3","Guija",0,0,1
"1996",0.91,"SPI NDJ","SPI 3","Guija",0,0,0
"1997",-0.23,"SPI NDJ","SPI 3","Guija",0,0,0
"1998",0.64,"SPI NDJ","SPI 3","Guija",0,0,0
"1999",1.18,"SPI NDJ","SPI 3","Guija",0,0,0
"2000",1.38,"SPI NDJ","SPI 3","Guija",0,0,0
"2001",-0.15,"SPI NDJ","SPI 3","Guija",0,0,0
"2002",0.69,"SPI NDJ","SPI 3","Guija",0,0,0
"2003",-0.86,"SPI NDJ","SPI 3","Guija",0,1,1
"2004",-0.56,"SPI NDJ","SPI 3","Guija",0,0,0
"2005",-0.75,"SPI NDJ","SPI 3","Guija",0,0,1
"2006",0.51,"SPI NDJ","SPI 3","Guija",0,0,0
"2007",-0.38,"SPI NDJ","SPI 3","Guija",0,0,0
"2008",0.41,"SPI NDJ","SPI 3","Guija",0,0,0
"2009",0.48,"SPI NDJ","SPI 3","Guija",0,0,0
"2010",-0.63,"SPI NDJ","SPI 3","Guija",0,0,0
"2011",1.65,"SPI NDJ","SPI 3","Guija",0,0,0
"2012",-0.71,"SPI NDJ","SPI 3","Guija",0,0,1
"2013",1.93,"SPI NDJ","SPI 3","Guija",0,0,0
"2014",0.28,"SPI NDJ","SPI 3","Guija",0,0,0
"2015",-0.49,"SPI NDJ","SPI 3","Guija",0,0,0
"2016",-1.29,"SPI NDJ","SPI 3","Guija",1,1,1
"2017",1.41,"SPI NDJ","SPI 3","Guija",0,0,0
"2018",-2.17,"SPI NDJ","SPI 3","Guija",1,1,1
"2019",-0.51,"SPI NDJ","SPI 3","Guija",0,0,0
"2020",-0.46,"SPI NDJ","SPI 3","Guija",0,0,0
"2021",0.98,"SPI NDJ","SPI 3","Guija",0,0,0
"1981",1.21,"SPI OND","SPI 3","Guija",0,0,0
"1982",-1,"SPI OND","SPI 3","Guija",1,1,1
"1983",-0.34,"SPI OND","SPI 3","Guija",0,0,0
"1984",0.19,"SPI OND","SPI 3","Guija",0,0,0
"1985",0.21,"SPI OND","SPI 3","Guija",0,0,0
"1986",-0.9,"SPI OND","SPI 3","Guija",0,1,1
"1987",0.1,"SPI OND","SPI 3","Guija",0,0,0
"1988",-1.54,"SPI OND","SPI 3","Guija",1,1,1
"1989",0.95,"SPI OND","SPI 3","Guija",0,0,0
"1990",0.05,"SPI OND","SPI 3","Guija",0,0,0
"1991",-1.91,"SPI OND","SPI 3","Guija",1,1,1
"1992",1.5,"SPI OND","SPI 3","Guija",0,0,0
"1993",0.55,"SPI OND","SPI 3","Guija",0,0,0
"1994",0.44,"SPI OND","SPI 3","Guija",0,0,0
"1995",0.05,"SPI OND","SPI 3","Guija",0,0,0
"1996",-2.46,"SPI OND","SPI 3","Guija",1,1,1
"1997",-0.3,"SPI OND","SPI 3","Guija",0,0,0
"1998",1.85,"SPI OND","SPI 3","Guija",0,0,0
"1999",0.3,"SPI OND","SPI 3","Guija",0,0,0
"2000",0.34,"SPI OND","SPI 3","Guija",0,0,0
"2001",2.03,"SPI OND","SPI 3","Guija",0,0,0
"2002",0.12,"SPI OND","SPI 3","Guija",0,0,0
"2003",-0.31,"SPI OND","SPI 3","Guija",0,0,0
"2004",-0.43,"SPI OND","SPI 3","Guija",0,0,0
"2005",-0.1,"SPI OND","SPI 3","Guija",0,0,0
"2006",0.22,"SPI OND","SPI 3","Guija",0,0,0
"2007",1.04,"SPI OND","SPI 3","Guija",0,0,0
"2008",0.62,"SPI OND","SPI 3","Guija",0,0,0
"2009",-1.16,"SPI OND","SPI 3","Guija",1,1,1
"2010",0.69,"SPI OND","SPI 3","Guija",0,0,0
"2011",-0.16,"SPI OND","SPI 3","Guija",0,0,0
"2012",0.21,"SPI OND","SPI 3","Guija",0,0,0
"2013",0.47,"SPI OND","SPI 3","Guija",0,0,0
"2014",-0.03,"SPI OND","SPI 3","Guija",0,0,0
"2015",-1.53,"SPI OND","SPI 3","Guija",1,1,1
"2016",1.03,"SPI OND","SPI 3","Guija",0,0,0
"2017",-1.43,"SPI OND","SPI 3","Guija",1,1,1
"2018",-0.5,"SPI OND","SPI 3","Guija",0,0,0
"2019",-1.2,"SPI OND","SPI 3","Guija",1,1,1
"2020",0.31,"SPI OND","SPI 3","Guija",0,0,0
"1982",-0.8,"SPI DJ","SPI 2","Changara",0,0,1
"1983",-1.92,"SPI DJ","SPI 2","Changara",1,1,1
"1984",-1.06,"SPI DJ","SPI 2","Changara",1,1,1
"1985",0.48,"SPI DJ","SPI 2","Changara",0,0,0
"1986",1.16,"SPI DJ","SPI 2","Changara",0,0,0
"1987",-0.13,"SPI DJ","SPI 2","Changara",0,0,0
"1988",-0.12,"SPI DJ","SPI 2","Changara",0,0,0
"1989",-0.47,"SPI DJ","SPI 2","Changara",0,0,0
"1990",1.08,"SPI DJ","SPI 2","Changara",0,0,0
"1991",-1.2,"SPI DJ","SPI 2","Changara",1,1,1
"1992",-2.1,"SPI DJ","SPI 2","Changara",1,1,1
"1993",-0.11,"SPI DJ","SPI 2","Changara",0,0,0
"1994",-1.11,"SPI DJ","SPI 2","Changara",1,1,1
"1995",0.08,"SPI DJ","SPI 2","Changara",0,0,0
"1996",0.77,"SPI DJ","SPI 2","Changara",0,0,0
"1997",0.9,"SPI DJ","SPI 2","Changara",0,0,0
"1998",0.66,"SPI DJ","SPI 2","Changara",0,0,0
"1999",1.7,"SPI DJ","SPI 2","Changara",0,0,0
"2000",-0.43,"SPI DJ","SPI 2","Changara",0,0,0
"2001",-0.53,"SPI DJ","SPI 2","Changara",0,0,0
"2002",0.19,"SPI DJ","SPI 2","Changara",0,0,0
"2003",-0.45,"SPI DJ","SPI 2","Changara",0,0,0
"2004",-0.24,"SPI DJ","SPI 2","Changara",0,0,0
"2005",0.77,"SPI DJ","SPI 2","Changara",0,0,0
"2006",0.68,"SPI DJ","SPI 2","Changara",0,0,0
"2007",0.31,"SPI DJ","SPI 2","Changara",0,0,0
"2008",1.4,"SPI DJ","SPI 2","Changara",0,0,0
"2009",0.39,"SPI DJ","SPI 2","Changara",0,0,0
"2010",-0.49,"SPI DJ","SPI 2","Changara",0,0,0
"2011",1.06,"SPI DJ","SPI 2","Changara",0,0,0
"2012",0.11,"SPI DJ","SPI 2","Changara",0,0,0
"2013",0.49,"SPI DJ","SPI 2","Changara",0,0,0
"2014",0.12,"SPI DJ","SPI 2","Changara",0,0,0
"2015",1.26,"SPI DJ","SPI 2","Changara",0,0,0
"2016",-1.31,"SPI DJ","SPI 2","Changara",1,1,1
"2017",1.15,"SPI DJ","SPI 2","Changara",0,0,0
"2018",-2.23,"SPI DJ","SPI 2","Changara",1,1,1
"2019",0.8,"SPI DJ","SPI 2","Changara",0,0,0
"2020",-0.5,"SPI DJ","SPI 2","Changara",0,0,0
"2021",1.03,"SPI DJ","SPI 2","Changara",0,0,0
"1981",0.4,"SPI FM","SPI 2","Changara",0,0,0
"1982",0.57,"SPI FM","SPI 2","Changara",0,0,0
"1983",-0.3,"SPI FM","SPI 2","Changara",0,0,0
"1984",0.77,"SPI FM","SPI 2","Changara",0,0,0
"1985",0.76,"SPI FM","SPI 2","Changara",0,0,0
"1986",0.02,"SPI FM","SPI 2","Changara",0,0,0
"1987",-1.56,"SPI FM","SPI 2","Changara",1,1,1
"1988",0.75,"SPI FM","SPI 2","Changara",0,0,0
"1989",0.95,"SPI FM","SPI 2","Changara",0,0,0
"1990",-0.72,"SPI FM","SPI 2","Changara",0,0,1
"1991",0.51,"SPI FM","SPI 2","Changara",0,0,0
"1992",-1.47,"SPI FM","SPI 2","Changara",1,1,1
"1993",0.24,"SPI FM","SPI 2","Changara",0,0,0
"1994",-1.4,"SPI FM","SPI 2","Changara",1,1,1
"1995",-1.45,"SPI FM","SPI 2","Changara",1,1,1
"1996",0.45,"SPI FM","SPI 2","Changara",0,0,0
"1997",1.88,"SPI FM","SPI 2","Changara",0,0,0
"1998",-0.56,"SPI FM","SPI 2","Changara",0,0,0
"1999",0.62,"SPI FM","SPI 2","Changara",0,0,0
"2000",1.02,"SPI FM","SPI 2","Changara",0,0,0
"2001",2.05,"SPI FM","SPI 2","Changara",0,0,0
"2002",-0.93,"SPI FM","SPI 2","Changara",0,1,1
"2003",0.64,"SPI FM","SPI 2","Changara",0,0,0
"2004",0.32,"SPI FM","SPI 2","Changara",0,0,0
"2005",-1.83,"SPI FM","SPI 2","Changara",1,1,1
"2006",0.23,"SPI FM","SPI 2","Changara",0,0,0
"2007",0.29,"SPI FM","SPI 2","Changara",0,0,0
"2008",-1.61,"SPI FM","SPI 2","Changara",1,1,1
"2009",-0.46,"SPI FM","SPI 2","Changara",0,0,0
"2010",1.01,"SPI FM","SPI 2","Changara",0,0,0
"2011",-1.48,"SPI FM","SPI 2","Changara",1,1,1
"2012",-0.09,"SPI FM","SPI 2","Changara",0,0,0
"2013",-0.92,"SPI FM","SPI 2","Changara",0,1,1
"2014",0.25,"SPI FM","SPI 2","Changara",0,0,0
"2015",-0.39,"SPI FM","SPI 2","Changara",0,0,0
"2016",-0.63,"SPI FM","SPI 2","Changara",0,0,0
"2017",0.74,"SPI FM","SPI 2","Changara",0,0,0
"2018",1.39,"SPI FM","SPI 2","Changara",0,0,0
"2019",0.15,"SPI FM","SPI 2","Changara",0,0,0
"2020",-0.14,"SPI FM","SPI 2","Changara",0,0,0
"2021",-0.03,"SPI FM","SPI 2","Changara",0,0,0
"1981",-0.26,"SPI JF","SPI 2","Changara",0,0,0
"1982",0.41,"SPI JF","SPI 2","Changara",0,0,0
"1983",-1.72,"SPI JF","SPI 2","Changara",1,1,1
"1984",-0.59,"SPI JF","SPI 2","Changara",0,0,0
"1985",0.27,"SPI JF","SPI 2","Changara",0,0,0
"1986",0.5,"SPI JF","SPI 2","Changara",0,0,0
"1987",-1.02,"SPI JF","SPI 2","Changara",1,1,1
"1988",0.19,"SPI JF","SPI 2","Changara",0,0,0
"1989",1.09,"SPI JF","SPI 2","Changara",0,0,0
"1990",0.29,"SPI JF","SPI 2","Changara",0,0,0
"1991",-0.05,"SPI JF","SPI 2","Changara",0,0,0
"1992",-2.83,"SPI JF","SPI 2","Changara",1,1,1
"1993",0.36,"SPI JF","SPI 2","Changara",0,0,0
"1994",-1.31,"SPI JF","SPI 2","Changara",1,1,1
"1995",-0.73,"SPI JF","SPI 2","Changara",0,0,1
"1996",0.36,"SPI JF","SPI 2","Changara",0,0,0
"1997",2.34,"SPI JF","SPI 2","Changara",0,0,0
"1998",0.07,"SPI JF","SPI 2","Changara",0,0,0
"1999",1.46,"SPI JF","SPI 2","Changara",0,0,0
"2000",1.03,"SPI JF","SPI 2","Changara",0,0,0
"2001",1.27,"SPI JF","SPI 2","Changara",0,0,0
"2002",-1.32,"SPI JF","SPI 2","Changara",1,1,1
"2003",-0.01,"SPI JF","SPI 2","Changara",0,0,0
"2004",0.13,"SPI JF","SPI 2","Changara",0,0,0
"2005",-1.07,"SPI JF","SPI 2","Changara",1,1,1
"2006",-0.19,"SPI JF","SPI 2","Changara",0,0,0
"2007",0.7,"SPI JF","SPI 2","Changara",0,0,0
"2008",-0.53,"SPI JF","SPI 2","Changara",0,0,0
"2009",-0.03,"SPI JF","SPI 2","Changara",0,0,0
"2010",0.61,"SPI JF","SPI 2","Changara",0,0,0
"2011",-0.06,"SPI JF","SPI 2","Changara",0,0,0
"2012",0.05,"SPI JF","SPI 2","Changara",0,0,0
"2013",-0.15,"SPI JF","SPI 2","Changara",0,0,0
"2014",0.74,"SPI JF","SPI 2","Changara",0,0,0
"2015",0.24,"SPI JF","SPI 2","Changara",0,0,0
"2016",-1.79,"SPI JF","SPI 2","Changara",1,1,1
"2017",1.21,"SPI JF","SPI 2","Changara",0,0,0
"2018",0.42,"SPI JF","SPI 2","Changara",0,0,0
"2019",0.64,"SPI JF","SPI 2","Changara",0,0,0
"2020",0.33,"SPI JF","SPI 2","Changara",0,0,0
"2021",0.43,"SPI JF","SPI 2","Changara",0,0,0
"1981",-0.72,"SPI ND","SPI 2","Changara",0,0,1
"1982",-0.91,"SPI ND","SPI 2","Changara",0,1,1
"1983",-0.25,"SPI ND","SPI 2","Changara",0,0,0
"1984",0.52,"SPI ND","SPI 2","Changara",0,0,0
"1985",1.74,"SPI ND","SPI 2","Changara",0,0,0
"1986",-0.07,"SPI ND","SPI 2","Changara",0,0,0
"1987",-0.4,"SPI ND","SPI 2","Changara",0,0,0
"1988",-1.6,"SPI ND","SPI 2","Changara",1,1,1
"1989",1.05,"SPI ND","SPI 2","Changara",0,0,0
"1990",-0.74,"SPI ND","SPI 2","Changara",0,0,1
"1991",-1.3,"SPI ND","SPI 2","Changara",1,1,1
"1992",-0.22,"SPI ND","SPI 2","Changara",0,0,0
"1993",-0.54,"SPI ND","SPI 2","Changara",0,0,0
"1994",-0.6,"SPI ND","SPI 2","Changara",0,0,0
"1995",1.14,"SPI ND","SPI 2","Changara",0,0,0
"1996",0.28,"SPI ND","SPI 2","Changara",0,0,0
"1997",0.7,"SPI ND","SPI 2","Changara",0,0,0
"1998",1.52,"SPI ND","SPI 2","Changara",0,0,0
"1999",-1.99,"SPI ND","SPI 2","Changara",1,1,1
"2000",0.51,"SPI ND","SPI 2","Changara",0,0,0
"2001",1.02,"SPI ND","SPI 2","Changara",0,0,0
"2002",-0.99,"SPI ND","SPI 2","Changara",0,1,1
"2003",-1.18,"SPI ND","SPI 2","Changara",1,1,1
"2004",1.62,"SPI ND","SPI 2","Changara",0,0,0
"2005",1.25,"SPI ND","SPI 2","Changara",0,0,0
"2006",0.11,"SPI ND","SPI 2","Changara",0,0,0
"2007",1.77,"SPI ND","SPI 2","Changara",0,0,0
"2008",-1,"SPI ND","SPI 2","Changara",1,1,1
"2009",0.41,"SPI ND","SPI 2","Changara",0,0,0
"2010",0.17,"SPI ND","SPI 2","Changara",0,0,0
"2011",-0.26,"SPI ND","SPI 2","Changara",0,0,0
"2012",-0.22,"SPI ND","SPI 2","Changara",0,0,0
"2013",-0.8,"SPI ND","SPI 2","Changara",0,0,1
"2014",0.88,"SPI ND","SPI 2","Changara",0,0,0
"2015",-1.14,"SPI ND","SPI 2","Changara",1,1,1
"2016",0.44,"SPI ND","SPI 2","Changara",0,0,0
"2017",-0.44,"SPI ND","SPI 2","Changara",0,0,0
"2018",0.23,"SPI ND","SPI 2","Changara",0,0,0
"2019",-1.21,"SPI ND","SPI 2","Changara",1,1,1
"2020",0.6,"SPI ND","SPI 2","Changara",0,0,0
"1981",0.2,"SPI ON","SPI 2","Changara",0,0,0
"1982",-0.03,"SPI ON","SPI 2","Changara",0,0,0
"1983",-1.04,"SPI ON","SPI 2","Changara",1,1,1
"1984",-0.36,"SPI ON","SPI 2","Changara",0,0,0
"1985",1.18,"SPI ON","SPI 2","Changara",0,0,0
"1986",0.83,"SPI ON","SPI 2","Changara",0,0,0
"1987",-0.62,"SPI ON","SPI 2","Changara",0,0,0
"1988",0.79,"SPI ON","SPI 2","Changara",0,0,0
"1989",0.86,"SPI ON","SPI 2","Changara",0,0,0
"1990",0.09,"SPI ON","SPI 2","Changara",0,0,0
"1991",0.43,"SPI ON","SPI 2","Changara",0,0,0
"1992",-0.11,"SPI ON","SPI 2","Changara",0,0,0
"1993",1.16,"SPI ON","SPI 2","Changara",0,0,0
"1994",-1.09,"SPI ON","SPI 2","Changara",1,1,1
"1995",-0.76,"SPI ON","SPI 2","Changara",0,0,1
"1996",0.18,"SPI ON","SPI 2","Changara",0,0,0
"1997",1.22,"SPI ON","SPI 2","Changara",0,0,0
"1998",0.55,"SPI ON","SPI 2","Changara",0,0,0
"1999",-0.09,"SPI ON","SPI 2","Changara",0,0,0
"2000",1.95,"SPI ON","SPI 2","Changara",0,0,0
"2001",0.03,"SPI ON","SPI 2","Changara",0,0,0
"2002",-0.15,"SPI ON","SPI 2","Changara",0,0,0
"2003",-1.77,"SPI ON","SPI 2","Changara",1,1,1
"2004",0.95,"SPI ON","SPI 2","Changara",0,0,0
"2005",0.25,"SPI ON","SPI 2","Changara",0,0,0
"2006",0.97,"SPI ON","SPI 2","Changara",0,0,0
"2007",0.52,"SPI ON","SPI 2","Changara",0,0,0
"2008",-2.02,"SPI ON","SPI 2","Changara",1,1,1
"2009",-0.36,"SPI ON","SPI 2","Changara",0,0,0
"2010",-0.22,"SPI ON","SPI 2","Changara",0,0,0
"2011",0.46,"SPI ON","SPI 2","Changara",0,0,0
"2012",-1.34,"SPI ON","SPI 2","Changara",1,1,1
"2013",-0.35,"SPI ON","SPI 2","Changara",0,0,0
"2014",-2.5,"SPI ON","SPI 2","Changara",1,1,1
"2015",-1.18,"SPI ON","SPI 2","Changara",1,1,1
"2016",0.35,"SPI ON","SPI 2","Changara",0,0,0
"2017",0.87,"SPI ON","SPI 2","Changara",0,0,0
"2018",0.4,"SPI ON","SPI 2","Changara",0,0,0
"2019",0.51,"SPI ON","SPI 2","Changara",0,0,0
"2020",-0.55,"SPI ON","SPI 2","Changara",0,0,0
"1982",0.03,"SPI DJF","SPI 3","Changara",0,0,0
"1983",-1.76,"SPI DJF","SPI 3","Changara",1,1,1
"1984",-0.48,"SPI DJF","SPI 3","Changara",0,0,0
"1985",0.47,"SPI DJF","SPI 3","Changara",0,0,0
"1986",0.99,"SPI DJF","SPI 3","Changara",0,0,0
"1987",-0.97,"SPI DJF","SPI 3","Changara",0,1,1
"1988",0.04,"SPI DJF","SPI 3","Changara",0,0,0
"1989",0.41,"SPI DJF","SPI 3","Changara",0,0,0
"1990",0.54,"SPI DJF","SPI 3","Changara",0,0,0
"1991",-0.44,"SPI DJF","SPI 3","Changara",0,0,0
"1992",-3.1,"SPI DJF","SPI 3","Changara",1,1,1
"1993",0.17,"SPI DJF","SPI 3","Changara",0,0,0
"1994",-1.71,"SPI DJF","SPI 3","Changara",1,1,1
"1995",-0.65,"SPI DJF","SPI 3","Changara",0,0,0
"1996",0.88,"SPI DJF","SPI 3","Changara",0,0,0
"1997",2.15,"SPI DJF","SPI 3","Changara",0,0,0
"1998",0.15,"SPI DJF","SPI 3","Changara",0,0,0
"1999",1.75,"SPI DJF","SPI 3","Changara",0,0,0
"2000",0.26,"SPI DJF","SPI 3","Changara",0,0,0
"2001",0.95,"SPI DJF","SPI 3","Changara",0,0,0
"2002",-0.53,"SPI DJF","SPI 3","Changara",0,0,0
"2003",-0.44,"SPI DJF","SPI 3","Changara",0,0,0
"2004",-0.17,"SPI DJF","SPI 3","Changara",0,0,0
"2005",-0.16,"SPI DJF","SPI 3","Changara",0,0,0
"2006",0.35,"SPI DJF","SPI 3","Changara",0,0,0
"2007",0.44,"SPI DJF","SPI 3","Changara",0,0,0
"2008",0.34,"SPI DJF","SPI 3","Changara",0,0,0
"2009",-0.26,"SPI DJF","SPI 3","Changara",0,0,0
"2010",0.67,"SPI DJF","SPI 3","Changara",0,0,0
"2011",-0.02,"SPI DJF","SPI 3","Changara",0,0,0
"2012",-0.16,"SPI DJF","SPI 3","Changara",0,0,0
"2013",-0.09,"SPI DJF","SPI 3","Changara",0,0,0
"2014",0.36,"SPI DJF","SPI 3","Changara",0,0,0
"2015",0.77,"SPI DJF","SPI 3","Changara",0,0,0
"2016",-1.85,"SPI DJF","SPI 3","Changara",1,1,1
"2017",1.14,"SPI DJF","SPI 3","Changara",0,0,0
"2018",0.01,"SPI DJF","SPI 3","Changara",0,0,0
"2019",0.53,"SPI DJF","SPI 3","Changara",0,0,0
"2020",-0.3,"SPI DJF","SPI 3","Changara",0,0,0
"2021",0.63,"SPI DJF","SPI 3","Changara",0,0,0
"1981",-0.32,"SPI JFM","SPI 3","Changara",0,0,0
"1982",0.15,"SPI JFM","SPI 3","Changara",0,0,0
"1983",-1.64,"SPI JFM","SPI 3","Changara",1,1,1
"1984",-0.18,"SPI JFM","SPI 3","Changara",0,0,0
"1985",0.7,"SPI JFM","SPI 3","Changara",0,0,0
"1986",0.25,"SPI JFM","SPI 3","Changara",0,0,0
"1987",-1.23,"SPI JFM","SPI 3","Changara",1,1,1
"1988",0.6,"SPI JFM","SPI 3","Changara",0,0,0
"1989",1.02,"SPI JFM","SPI 3","Changara",0,0,0
"1990",0,"SPI JFM","SPI 3","Changara",0,0,0
"1991",-0.12,"SPI JFM","SPI 3","Changara",0,0,0
"1992",-2.39,"SPI JFM","SPI 3","Changara",1,1,1
"1993",0.13,"SPI JFM","SPI 3","Changara",0,0,0
"1994",-1.56,"SPI JFM","SPI 3","Changara",1,1,1
"1995",-1.06,"SPI JFM","SPI 3","Changara",1,1,1
"1996",0.26,"SPI JFM","SPI 3","Changara",0,0,0
"1997",2.28,"SPI JFM","SPI 3","Changara",0,0,0
"1998",-0.08,"SPI JFM","SPI 3","Changara",0,0,0
"1999",1.3,"SPI JFM","SPI 3","Changara",0,0,0
"2000",1.19,"SPI JFM","SPI 3","Changara",0,0,0
"2001",1.82,"SPI JFM","SPI 3","Changara",0,0,0
"2002",-1.31,"SPI JFM","SPI 3","Changara",1,1,1
"2003",0.53,"SPI JFM","SPI 3","Changara",0,0,0
"2004",0.24,"SPI JFM","SPI 3","Changara",0,0,0
"2005",-1.39,"SPI JFM","SPI 3","Changara",1,1,1
"2006",0.09,"SPI JFM","SPI 3","Changara",0,0,0
"2007",0.55,"SPI JFM","SPI 3","Changara",0,0,0
"2008",-0.62,"SPI JFM","SPI 3","Changara",0,0,0
"2009",0.09,"SPI JFM","SPI 3","Changara",0,0,0
"2010",0.31,"SPI JFM","SPI 3","Changara",0,0,0
"2011",-0.09,"SPI JFM","SPI 3","Changara",0,0,0
"2012",0.09,"SPI JFM","SPI 3","Changara",0,0,0
"2013",-0.42,"SPI JFM","SPI 3","Changara",0,0,0
"2014",0.48,"SPI JFM","SPI 3","Changara",0,0,0
"2015",0.07,"SPI JFM","SPI 3","Changara",0,0,0
"2016",-1.43,"SPI JFM","SPI 3","Changara",1,1,1
"2017",1.35,"SPI JFM","SPI 3","Changara",0,0,0
"2018",0.34,"SPI JFM","SPI 3","Changara",0,0,0
"2019",0.69,"SPI JFM","SPI 3","Changara",0,0,0
"2020",-0.01,"SPI JFM","SPI 3","Changara",0,0,0
"2021",0.46,"SPI JFM","SPI 3","Changara",0,0,0
"1982",-0.81,"SPI NDJ","SPI 3","Changara",0,0,1
"1983",-2.06,"SPI NDJ","SPI 3","Changara",1,1,1
"1984",-1.3,"SPI NDJ","SPI 3","Changara",1,1,1
"1985",0.39,"SPI NDJ","SPI 3","Changara",0,0,0
"1986",1.36,"SPI NDJ","SPI 3","Changara",0,0,0
"1987",-0.09,"SPI NDJ","SPI 3","Changara",0,0,0
"1988",-0.25,"SPI NDJ","SPI 3","Changara",0,0,0
"1989",-0.49,"SPI NDJ","SPI 3","Changara",0,0,0
"1990",1.21,"SPI NDJ","SPI 3","Changara",0,0,0
"1991",-1.13,"SPI NDJ","SPI 3","Changara",1,1,1
"1992",-1.9,"SPI NDJ","SPI 3","Changara",1,1,1
"1993",-0.13,"SPI NDJ","SPI 3","Changara",0,0,0
"1994",-0.74,"SPI NDJ","SPI 3","Changara",0,0,1
"1995",-0.26,"SPI NDJ","SPI 3","Changara",0,0,0
"1996",0.61,"SPI NDJ","SPI 3","Changara",0,0,0
"1997",0.9,"SPI NDJ","SPI 3","Changara",0,0,0
"1998",0.84,"SPI NDJ","SPI 3","Changara",0,0,0
"1999",1.8,"SPI NDJ","SPI 3","Changara",0,0,0
"2000",-0.46,"SPI NDJ","SPI 3","Changara",0,0,0
"2001",-0.03,"SPI NDJ","SPI 3","Changara",0,0,0
"2002",0.19,"SPI NDJ","SPI 3","Changara",0,0,0
"2003",-0.51,"SPI NDJ","SPI 3","Changara",0,0,0
"2004",-0.57,"SPI NDJ","SPI 3","Changara",0,0,0
"2005",0.93,"SPI NDJ","SPI 3","Changara",0,0,0
"2006",0.72,"SPI NDJ","SPI 3","Changara",0,0,0
"2007",0.51,"SPI NDJ","SPI 3","Changara",0,0,0
"2008",1.49,"SPI NDJ","SPI 3","Changara",0,0,0
"2009",0.11,"SPI NDJ","SPI 3","Changara",0,0,0
"2010",-0.55,"SPI NDJ","SPI 3","Changara",0,0,0
"2011",1.04,"SPI NDJ","SPI 3","Changara",0,0,0
"2012",0.15,"SPI NDJ","SPI 3","Changara",0,0,0
"2013",0.26,"SPI NDJ","SPI 3","Changara",0,0,0
"2014",0.02,"SPI NDJ","SPI 3","Changara",0,0,0
"2015",1,"SPI NDJ","SPI 3","Changara",0,0,0
"2016",-1.54,"SPI NDJ","SPI 3","Changara",1,1,1
"2017",1.2,"SPI NDJ","SPI 3","Changara",0,0,0
"2018",-1.87,"SPI NDJ","SPI 3","Changara",1,1,1
"2019",0.86,"SPI NDJ","SPI 3","Changara",0,0,0
"2020",-0.4,"SPI NDJ","SPI 3","Changara",0,0,0
"2021",0.94,"SPI NDJ","SPI 3","Changara",0,0,0
"1981",-0.67,"SPI OND","SPI 3","Changara",0,0,0
"1982",-0.72,"SPI OND","SPI 3","Changara",0,0,1
"1983",-0.26,"SPI OND","SPI 3","Changara",0,0,0
"1984",0.52,"SPI OND","SPI 3","Changara",0,0,0
"1985",1.76,"SPI OND","SPI 3","Changara",0,0,0
"1986",0.13,"SPI OND","SPI 3","Changara",0,0,0
"1987",-0.47,"SPI OND","SPI 3","Changara",0,0,0
"1988",-1.18,"SPI OND","SPI 3","Changara",1,1,1
"1989",1.08,"SPI OND","SPI 3","Changara",0,0,0
"1990",-0.87,"SPI OND","SPI 3","Changara",0,1,1
"1991",-1.33,"SPI OND","SPI 3","Changara",1,1,1
"1992",-0.32,"SPI OND","SPI 3","Changara",0,0,0
"1993",-0.61,"SPI OND","SPI 3","Changara",0,0,0
"1994",-0.39,"SPI OND","SPI 3","Changara",0,0,0
"1995",1.18,"SPI OND","SPI 3","Changara",0,0,0
"1996",0.28,"SPI OND","SPI 3","Changara",0,0,0
"1997",0.78,"SPI OND","SPI 3","Changara",0,0,0
"1998",1.49,"SPI OND","SPI 3","Changara",0,0,0
"1999",-2.09,"SPI OND","SPI 3","Changara",1,1,1
"2000",0.54,"SPI OND","SPI 3","Changara",0,0,0
"2001",0.98,"SPI OND","SPI 3","Changara",0,0,0
"2002",-1.05,"SPI OND","SPI 3","Changara",1,1,1
"2003",-1.21,"SPI OND","SPI 3","Changara",1,1,1
"2004",1.66,"SPI OND","SPI 3","Changara",0,0,0
"2005",1.22,"SPI OND","SPI 3","Changara",0,0,0
"2006",0.06,"SPI OND","SPI 3","Changara",0,0,0
"2007",1.75,"SPI OND","SPI 3","Changara",0,0,0
"2008",-1.1,"SPI OND","SPI 3","Changara",1,1,1
"2009",0.34,"SPI OND","SPI 3","Changara",0,0,0
"2010",0.07,"SPI OND","SPI 3","Changara",0,0,0
"2011",-0.22,"SPI OND","SPI 3","Changara",0,0,0
"2012",-0.27,"SPI OND","SPI 3","Changara",0,0,0
"2013",-0.82,"SPI OND","SPI 3","Changara",0,0,1
"2014",0.82,"SPI OND","SPI 3","Changara",0,0,0
"2015",-1.24,"SPI OND","SPI 3","Changara",1,1,1
"2016",0.41,"SPI OND","SPI 3","Changara",0,0,0
"2017",-0.43,"SPI OND","SPI 3","Changara",0,0,0
"2018",0.18,"SPI OND","SPI 3","Changara",0,0,0
"2019",-1.26,"SPI OND","SPI 3","Changara",1,1,1
"2020",0.56,"SPI OND","SPI 3","Changara",0,0,0
"1982",-0.67,"SPI DJ","SPI 2","Marara",0,0,0
"1983",-2.01,"SPI DJ","SPI 2","Marara",1,1,1
"1984",-1.45,"SPI DJ","SPI 2","Marara",1,1,1
"1985",0.09,"SPI DJ","SPI 2","Marara",0,0,0
"1986",1.25,"SPI DJ","SPI 2","Marara",0,0,0
"1987",0.09,"SPI DJ","SPI 2","Marara",0,0,0
"1988",-0.41,"SPI DJ","SPI 2","Marara",0,0,0
"1989",-0.54,"SPI DJ","SPI 2","Marara",0,0,0
"1990",0.88,"SPI DJ","SPI 2","Marara",0,0,0
"1991",-0.98,"SPI DJ","SPI 2","Marara",0,1,1
"1992",-2.14,"SPI DJ","SPI 2","Marara",1,1,1
"1993",0.12,"SPI DJ","SPI 2","Marara",0,0,0
"1994",-1.1,"SPI DJ","SPI 2","Marara",1,1,1
"1995",0.27,"SPI DJ","SPI 2","Marara",0,0,0
"1996",0.69,"SPI DJ","SPI 2","Marara",0,0,0
"1997",1.14,"SPI DJ","SPI 2","Marara",0,0,0
"1998",0.74,"SPI DJ","SPI 2","Marara",0,0,0
"1999",1.39,"SPI DJ","SPI 2","Marara",0,0,0
"2000",-0.67,"SPI DJ","SPI 2","Marara",0,0,0
"2001",-0.62,"SPI DJ","SPI 2","Marara",0,0,0
"2002",-0.16,"SPI DJ","SPI 2","Marara",0,0,0
"2003",-0.35,"SPI DJ","SPI 2","Marara",0,0,0
"2004",-0.03,"SPI DJ","SPI 2","Marara",0,0,0
"2005",0.89,"SPI DJ","SPI 2","Marara",0,0,0
"2006",0.73,"SPI DJ","SPI 2","Marara",0,0,0
"2007",0.33,"SPI DJ","SPI 2","Marara",0,0,0
"2008",1.21,"SPI DJ","SPI 2","Marara",0,0,0
"2009",0.21,"SPI DJ","SPI 2","Marara",0,0,0
"2010",-0.16,"SPI DJ","SPI 2","Marara",0,0,0
"2011",1.1,"SPI DJ","SPI 2","Marara",0,0,0
"2012",0.44,"SPI DJ","SPI 2","Marara",0,0,0
"2013",0.48,"SPI DJ","SPI 2","Marara",0,0,0
"2014",0.01,"SPI DJ","SPI 2","Marara",0,0,0
"2015",1.65,"SPI DJ","SPI 2","Marara",0,0,0
"2016",-1.34,"SPI DJ","SPI 2","Marara",1,1,1
"2017",1.09,"SPI DJ","SPI 2","Marara",0,0,0
"2018",-2.1,"SPI DJ","SPI 2","Marara",1,1,1
"2019",0.89,"SPI DJ","SPI 2","Marara",0,0,0
"2020",-0.53,"SPI DJ","SPI 2","Marara",0,0,0
"2021",1.15,"SPI DJ","SPI 2","Marara",0,0,0
"1981",0.35,"SPI FM","SPI 2","Marara",0,0,0
"1982",0.52,"SPI FM","SPI 2","Marara",0,0,0
"1983",-0.18,"SPI FM","SPI 2","Marara",0,0,0
"1984",0.79,"SPI FM","SPI 2","Marara",0,0,0
"1985",0.44,"SPI FM","SPI 2","Marara",0,0,0
"1986",0,"SPI FM","SPI 2","Marara",0,0,0
"1987",-1.55,"SPI FM","SPI 2","Marara",1,1,1
"1988",0.87,"SPI FM","SPI 2","Marara",0,0,0
"1989",1.27,"SPI FM","SPI 2","Marara",0,0,0
"1990",-0.98,"SPI FM","SPI 2","Marara",0,1,1
"1991",0.63,"SPI FM","SPI 2","Marara",0,0,0
"1992",-1.37,"SPI FM","SPI 2","Marara",1,1,1
"1993",-0.32,"SPI FM","SPI 2","Marara",0,0,0
"1994",-1.32,"SPI FM","SPI 2","Marara",1,1,1
"1995",-1.25,"SPI FM","SPI 2","Marara",1,1,1
"1996",0.64,"SPI FM","SPI 2","Marara",0,0,0
"1997",1.9,"SPI FM","SPI 2","Marara",0,0,0
"1998",-0.49,"SPI FM","SPI 2","Marara",0,0,0
"1999",0.58,"SPI FM","SPI 2","Marara",0,0,0
"2000",1.01,"SPI FM","SPI 2","Marara",0,0,0
"2001",2.08,"SPI FM","SPI 2","Marara",0,0,0
"2002",-0.77,"SPI FM","SPI 2","Marara",0,0,1
"2003",0.66,"SPI FM","SPI 2","Marara",0,0,0
"2004",0.11,"SPI FM","SPI 2","Marara",0,0,0
"2005",-1.92,"SPI FM","SPI 2","Marara",1,1,1
"2006",0.33,"SPI FM","SPI 2","Marara",0,0,0
"2007",0.12,"SPI FM","SPI 2","Marara",0,0,0
"2008",-1.66,"SPI FM","SPI 2","Marara",1,1,1
"2009",-0.3,"SPI FM","SPI 2","Marara",0,0,0
"2010",1.21,"SPI FM","SPI 2","Marara",0,0,0
"2011",-1.58,"SPI FM","SPI 2","Marara",1,1,1
"2012",-0.03,"SPI FM","SPI 2","Marara",0,0,0
"2013",-1.07,"SPI FM","SPI 2","Marara",1,1,1
"2014",0.23,"SPI FM","SPI 2","Marara",0,0,0
"2015",-0.28,"SPI FM","SPI 2","Marara",0,0,0
"2016",-0.54,"SPI FM","SPI 2","Marara",0,0,0
"2017",0.97,"SPI FM","SPI 2","Marara",0,0,0
"2018",0.95,"SPI FM","SPI 2","Marara",0,0,0
"2019",0.27,"SPI FM","SPI 2","Marara",0,0,0
"2020",-0.21,"SPI FM","SPI 2","Marara",0,0,0
"2021",-0.03,"SPI FM","SPI 2","Marara",0,0,0
"1981",-0.5,"SPI JF","SPI 2","Marara",0,0,0
"1982",0.52,"SPI JF","SPI 2","Marara",0,0,0
"1983",-1.54,"SPI JF","SPI 2","Marara",1,1,1
"1984",-0.48,"SPI JF","SPI 2","Marara",0,0,0
"1985",-0.42,"SPI JF","SPI 2","Marara",0,0,0
"1986",0.39,"SPI JF","SPI 2","Marara",0,0,0
"1987",-0.86,"SPI JF","SPI 2","Marara",0,1,1
"1988",0.11,"SPI JF","SPI 2","Marara",0,0,0
"1989",1.2,"SPI JF","SPI 2","Marara",0,0,0
"1990",0.25,"SPI JF","SPI 2","Marara",0,0,0
"1991",0.29,"SPI JF","SPI 2","Marara",0,0,0
"1992",-2.72,"SPI JF","SPI 2","Marara",1,1,1
"1993",-0.01,"SPI JF","SPI 2","Marara",0,0,0
"1994",-1.47,"SPI JF","SPI 2","Marara",1,1,1
"1995",-0.41,"SPI JF","SPI 2","Marara",0,0,0
"1996",0.51,"SPI JF","SPI 2","Marara",0,0,0
"1997",2.49,"SPI JF","SPI 2","Marara",0,0,0
"1998",0.06,"SPI JF","SPI 2","Marara",0,0,0
"1999",1.29,"SPI JF","SPI 2","Marara",0,0,0
"2000",0.89,"SPI JF","SPI 2","Marara",0,0,0
"2001",1.43,"SPI JF","SPI 2","Marara",0,0,0
"2002",-1.21,"SPI JF","SPI 2","Marara",1,1,1
"2003",0.15,"SPI JF","SPI 2","Marara",0,0,0
"2004",0.01,"SPI JF","SPI 2","Marara",0,0,0
"2005",-1.01,"SPI JF","SPI 2","Marara",1,1,1
"2006",0.04,"SPI JF","SPI 2","Marara",0,0,0
"2007",0.34,"SPI JF","SPI 2","Marara",0,0,0
"2008",-0.71,"SPI JF","SPI 2","Marara",0,0,1
"2009",-0.14,"SPI JF","SPI 2","Marara",0,0,0
"2010",0.97,"SPI JF","SPI 2","Marara",0,0,0
"2011",-0.31,"SPI JF","SPI 2","Marara",0,0,0
"2012",0.14,"SPI JF","SPI 2","Marara",0,0,0
"2013",-0.2,"SPI JF","SPI 2","Marara",0,0,0
"2014",0.55,"SPI JF","SPI 2","Marara",0,0,0
"2015",0.78,"SPI JF","SPI 2","Marara",0,0,0
"2016",-1.83,"SPI JF","SPI 2","Marara",1,1,1
"2017",1.5,"SPI JF","SPI 2","Marara",0,0,0
"2018",-0.05,"SPI JF","SPI 2","Marara",0,0,0
"2019",0.71,"SPI JF","SPI 2","Marara",0,0,0
"2020",0.2,"SPI JF","SPI 2","Marara",0,0,0
"2021",0.48,"SPI JF","SPI 2","Marara",0,0,0
"1981",-0.91,"SPI ND","SPI 2","Marara",0,1,1
"1982",-1.04,"SPI ND","SPI 2","Marara",1,1,1
"1983",-0.71,"SPI ND","SPI 2","Marara",0,0,1
"1984",0.24,"SPI ND","SPI 2","Marara",0,0,0
"1985",2.14,"SPI ND","SPI 2","Marara",0,0,0
"1986",-0.02,"SPI ND","SPI 2","Marara",0,0,0
"1987",-0.63,"SPI ND","SPI 2","Marara",0,0,0
"1988",-1.79,"SPI ND","SPI 2","Marara",1,1,1
"1989",0.44,"SPI ND","SPI 2","Marara",0,0,0
"1990",-0.86,"SPI ND","SPI 2","Marara",0,1,1
"1991",-1.3,"SPI ND","SPI 2","Marara",1,1,1
"1992",0.26,"SPI ND","SPI 2","Marara",0,0,0
"1993",-0.25,"SPI ND","SPI 2","Marara",0,0,0
"1994",-0.91,"SPI ND","SPI 2","Marara",0,1,1
"1995",1.37,"SPI ND","SPI 2","Marara",0,0,0
"1996",0.67,"SPI ND","SPI 2","Marara",0,0,0
"1997",0.8,"SPI ND","SPI 2","Marara",0,0,0
"1998",0.92,"SPI ND","SPI 2","Marara",0,0,0
"1999",-1.95,"SPI ND","SPI 2","Marara",1,1,1
"2000",0.72,"SPI ND","SPI 2","Marara",0,0,0
"2001",0.49,"SPI ND","SPI 2","Marara",0,0,0
"2002",-0.9,"SPI ND","SPI 2","Marara",0,1,1
"2003",-1.12,"SPI ND","SPI 2","Marara",1,1,1
"2004",1.72,"SPI ND","SPI 2","Marara",0,0,0
"2005",1.07,"SPI ND","SPI 2","Marara",0,0,0
"2006",0.25,"SPI ND","SPI 2","Marara",0,0,0
"2007",1.44,"SPI ND","SPI 2","Marara",0,0,0
"2008",-1.24,"SPI ND","SPI 2","Marara",1,1,1
"2009",1.16,"SPI ND","SPI 2","Marara",0,0,0
"2010",0.38,"SPI ND","SPI 2","Marara",0,0,0
"2011",-0.07,"SPI ND","SPI 2","Marara",0,0,0
"2012",-0.37,"SPI ND","SPI 2","Marara",0,0,0
"2013",-0.7,"SPI ND","SPI 2","Marara",0,0,1
"2014",0.76,"SPI ND","SPI 2","Marara",0,0,0
"2015",-0.99,"SPI ND","SPI 2","Marara",0,1,1
"2016",0.46,"SPI ND","SPI 2","Marara",0,0,0
"2017",-0.19,"SPI ND","SPI 2","Marara",0,0,0
"2018",0.65,"SPI ND","SPI 2","Marara",0,0,0
"2019",-0.86,"SPI ND","SPI 2","Marara",0,1,1
"2020",0.71,"SPI ND","SPI 2","Marara",0,0,0
"1981",-0.36,"SPI ON","SPI 2","Marara",0,0,0
"1982",-0.1,"SPI ON","SPI 2","Marara",0,0,0
"1983",-1.01,"SPI ON","SPI 2","Marara",1,1,1
"1984",-0.85,"SPI ON","SPI 2","Marara",0,1,1
"1985",1.58,"SPI ON","SPI 2","Marara",0,0,0
"1986",0.8,"SPI ON","SPI 2","Marara",0,0,0
"1987",-0.93,"SPI ON","SPI 2","Marara",0,1,1
"1988",0.6,"SPI ON","SPI 2","Marara",0,0,0
"1989",0.68,"SPI ON","SPI 2","Marara",0,0,0
"1990",-0.11,"SPI ON","SPI 2","Marara",0,0,0
"1991",0.7,"SPI ON","SPI 2","Marara",0,0,0
"1992",0.61,"SPI ON","SPI 2","Marara",0,0,0
"1993",1.12,"SPI ON","SPI 2","Marara",0,0,0
"1994",-1.07,"SPI ON","SPI 2","Marara",1,1,1
"1995",-0.2,"SPI ON","SPI 2","Marara",0,0,0
"1996",0.24,"SPI ON","SPI 2","Marara",0,0,0
"1997",1.3,"SPI ON","SPI 2","Marara",0,0,0
"1998",-0.04,"SPI ON","SPI 2","Marara",0,0,0
"1999",-0.2,"SPI ON","SPI 2","Marara",0,0,0
"2000",2.03,"SPI ON","SPI 2","Marara",0,0,0
"2001",0.15,"SPI ON","SPI 2","Marara",0,0,0
"2002",-0.04,"SPI ON","SPI 2","Marara",0,0,0
"2003",-2.01,"SPI ON","SPI 2","Marara",1,1,1
"2004",0.94,"SPI ON","SPI 2","Marara",0,0,0
"2005",0.13,"SPI ON","SPI 2","Marara",0,0,0
"2006",0.63,"SPI ON","SPI 2","Marara",0,0,0
"2007",0.13,"SPI ON","SPI 2","Marara",0,0,0
"2008",-2.13,"SPI ON","SPI 2","Marara",1,1,1
"2009",0.09,"SPI ON","SPI 2","Marara",0,0,0
"2010",-0.52,"SPI ON","SPI 2","Marara",0,0,0
"2011",0.17,"SPI ON","SPI 2","Marara",0,0,0
"2012",-1.3,"SPI ON","SPI 2","Marara",1,1,1
"2013",-0.51,"SPI ON","SPI 2","Marara",0,0,0
"2014",-2.34,"SPI ON","SPI 2","Marara",1,1,1
"2015",-0.69,"SPI ON","SPI 2","Marara",0,0,1
"2016",0.85,"SPI ON","SPI 2","Marara",0,0,0
"2017",0.86,"SPI ON","SPI 2","Marara",0,0,0
"2018",0.88,"SPI ON","SPI 2","Marara",0,0,0
"2019",0.78,"SPI ON","SPI 2","Marara",0,0,0
"2020",-0.36,"SPI ON","SPI 2","Marara",0,0,0
"1982",0.18,"SPI DJF","SPI 3","Marara",0,0,0
"1983",-1.64,"SPI DJF","SPI 3","Marara",1,1,1
"1984",-0.54,"SPI DJF","SPI 3","Marara",0,0,0
"1985",-0.13,"SPI DJF","SPI 3","Marara",0,0,0
"1986",0.92,"SPI DJF","SPI 3","Marara",0,0,0
"1987",-0.82,"SPI DJF","SPI 3","Marara",0,0,1
"1988",-0.03,"SPI DJF","SPI 3","Marara",0,0,0
"1989",0.52,"SPI DJF","SPI 3","Marara",0,0,0
"1990",0.24,"SPI DJF","SPI 3","Marara",0,0,0
"1991",-0.11,"SPI DJF","SPI 3","Marara",0,0,0
"1992",-3.05,"SPI DJF","SPI 3","Marara",1,1,1
"1993",-0.06,"SPI DJF","SPI 3","Marara",0,0,0
"1994",-1.69,"SPI DJF","SPI 3","Marara",1,1,1
"1995",-0.48,"SPI DJF","SPI 3","Marara",0,0,0
"1996",1.03,"SPI DJF","SPI 3","Marara",0,0,0
"1997",2.38,"SPI DJF","SPI 3","Marara",0,0,0
"1998",0.14,"SPI DJF","SPI 3","Marara",0,0,0
"1999",1.4,"SPI DJF","SPI 3","Marara",0,0,0
"2000",0.16,"SPI DJF","SPI 3","Marara",0,0,0
"2001",1.1,"SPI DJF","SPI 3","Marara",0,0,0
"2002",-0.77,"SPI DJF","SPI 3","Marara",0,0,1
"2003",-0.22,"SPI DJF","SPI 3","Marara",0,0,0
"2004",-0.2,"SPI DJF","SPI 3","Marara",0,0,0
"2005",-0.12,"SPI DJF","SPI 3","Marara",0,0,0
"2006",0.41,"SPI DJF","SPI 3","Marara",0,0,0
"2007",0.21,"SPI DJF","SPI 3","Marara",0,0,0
"2008",0.06,"SPI DJF","SPI 3","Marara",0,0,0
"2009",-0.37,"SPI DJF","SPI 3","Marara",0,0,0
"2010",1.2,"SPI DJF","SPI 3","Marara",0,0,0
"2011",-0.06,"SPI DJF","SPI 3","Marara",0,0,0
"2012",0.05,"SPI DJF","SPI 3","Marara",0,0,0
"2013",-0.19,"SPI DJF","SPI 3","Marara",0,0,0
"2014",0.28,"SPI DJF","SPI 3","Marara",0,0,0
"2015",1.11,"SPI DJF","SPI 3","Marara",0,0,0
"2016",-1.83,"SPI DJF","SPI 3","Marara",1,1,1
"2017",1.32,"SPI DJF","SPI 3","Marara",0,0,0
"2018",-0.35,"SPI DJF","SPI 3","Marara",0,0,0
"2019",0.69,"SPI DJF","SPI 3","Marara",0,0,0
"2020",-0.35,"SPI DJF","SPI 3","Marara",0,0,0
"2021",0.71,"SPI DJF","SPI 3","Marara",0,0,0
"1981",-0.52,"SPI JFM","SPI 3","Marara",0,0,0
"1982",0.18,"SPI JFM","SPI 3","Marara",0,0,0
"1983",-1.46,"SPI JFM","SPI 3","Marara",1,1,1
"1984",-0.14,"SPI JFM","SPI 3","Marara",0,0,0
"1985",0.13,"SPI JFM","SPI 3","Marara",0,0,0
"1986",0.24,"SPI JFM","SPI 3","Marara",0,0,0
"1987",-1.09,"SPI JFM","SPI 3","Marara",1,1,1
"1988",0.58,"SPI JFM","SPI 3","Marara",0,0,0
"1989",1.38,"SPI JFM","SPI 3","Marara",0,0,0
"1990",-0.15,"SPI JFM","SPI 3","Marara",0,0,0
"1991",0.19,"SPI JFM","SPI 3","Marara",0,0,0
"1992",-2.31,"SPI JFM","SPI 3","Marara",1,1,1
"1993",-0.28,"SPI JFM","SPI 3","Marara",0,0,0
"1994",-1.69,"SPI JFM","SPI 3","Marara",1,1,1
"1995",-0.71,"SPI JFM","SPI 3","Marara",0,0,1
"1996",0.33,"SPI JFM","SPI 3","Marara",0,0,0
"1997",2.4,"SPI JFM","SPI 3","Marara",0,0,0
"1998",-0.03,"SPI JFM","SPI 3","Marara",0,0,0
"1999",1.15,"SPI JFM","SPI 3","Marara",0,0,0
"2000",1.07,"SPI JFM","SPI 3","Marara",0,0,0
"2001",1.97,"SPI JFM","SPI 3","Marara",0,0,0
"2002",-1.2,"SPI JFM","SPI 3","Marara",1,1,1
"2003",0.6,"SPI JFM","SPI 3","Marara",0,0,0
"2004",0.14,"SPI JFM","SPI 3","Marara",0,0,0
"2005",-1.39,"SPI JFM","SPI 3","Marara",1,1,1
"2006",0.34,"SPI JFM","SPI 3","Marara",0,0,0
"2007",0.29,"SPI JFM","SPI 3","Marara",0,0,0
"2008",-0.84,"SPI JFM","SPI 3","Marara",0,0,1
"2009",0.02,"SPI JFM","SPI 3","Marara",0,0,0
"2010",0.61,"SPI JFM","SPI 3","Marara",0,0,0
"2011",-0.4,"SPI JFM","SPI 3","Marara",0,0,0
"2012",0.24,"SPI JFM","SPI 3","Marara",0,0,0
"2013",-0.53,"SPI JFM","SPI 3","Marara",0,0,0
"2014",0.27,"SPI JFM","SPI 3","Marara",0,0,0
"2015",0.53,"SPI JFM","SPI 3","Marara",0,0,0
"2016",-1.4,"SPI JFM","SPI 3","Marara",1,1,1
"2017",1.58,"SPI JFM","SPI 3","Marara",0,0,0
"2018",-0.1,"SPI JFM","SPI 3","Marara",0,0,0
"2019",0.72,"SPI JFM","SPI 3","Marara",0,0,0
"2020",-0.19,"SPI JFM","SPI 3","Marara",0,0,0
"2021",0.46,"SPI JFM","SPI 3","Marara",0,0,0
"1982",-0.82,"SPI NDJ","SPI 3","Marara",0,0,1
"1983",-2.14,"SPI NDJ","SPI 3","Marara",1,1,1
"1984",-1.73,"SPI NDJ","SPI 3","Marara",1,1,1
"1985",-0.13,"SPI NDJ","SPI 3","Marara",0,0,0
"1986",1.61,"SPI NDJ","SPI 3","Marara",0,0,0
"1987",0.14,"SPI NDJ","SPI 3","Marara",0,0,0
"1988",-0.64,"SPI NDJ","SPI 3","Marara",0,0,0
"1989",-0.59,"SPI NDJ","SPI 3","Marara",0,0,0
"1990",1,"SPI NDJ","SPI 3","Marara",0,0,0
"1991",-0.98,"SPI NDJ","SPI 3","Marara",0,1,1
"1992",-1.86,"SPI NDJ","SPI 3","Marara",1,1,1
"1993",0.26,"SPI NDJ","SPI 3","Marara",0,0,0
"1994",-0.68,"SPI NDJ","SPI 3","Marara",0,0,1
"1995",-0.07,"SPI NDJ","SPI 3","Marara",0,0,0
"1996",0.55,"SPI NDJ","SPI 3","Marara",0,0,0
"1997",1.14,"SPI NDJ","SPI 3","Marara",0,0,0
"1998",0.97,"SPI NDJ","SPI 3","Marara",0,0,0
"1999",1.38,"SPI NDJ","SPI 3","Marara",0,0,0
"2000",-0.69,"SPI NDJ","SPI 3","Marara",0,0,1
"2001",0.03,"SPI NDJ","SPI 3","Marara",0,0,0
"2002",-0.17,"SPI NDJ","SPI 3","Marara",0,0,0
"2003",-0.41,"SPI NDJ","SPI 3","Marara",0,0,0
"2004",-0.39,"SPI NDJ","SPI 3","Marara",0,0,0
"2005",1.05,"SPI NDJ","SPI 3","Marara",0,0,0
"2006",0.75,"SPI NDJ","SPI 3","Marara",0,0,0
"2007",0.48,"SPI NDJ","SPI 3","Marara",0,0,0
"2008",1.23,"SPI NDJ","SPI 3","Marara",0,0,0
"2009",-0.13,"SPI NDJ","SPI 3","Marara",0,0,0
"2010",-0.12,"SPI NDJ","SPI 3","Marara",0,0,0
"2011",1.01,"SPI NDJ","SPI 3","Marara",0,0,0
"2012",0.41,"SPI NDJ","SPI 3","Marara",0,0,0
"2013",0.25,"SPI NDJ","SPI 3","Marara",0,0,0
"2014",-0.16,"SPI NDJ","SPI 3","Marara",0,0,0
"2015",1.39,"SPI NDJ","SPI 3","Marara",0,0,0
"2016",-1.5,"SPI NDJ","SPI 3","Marara",1,1,1
"2017",1.23,"SPI NDJ","SPI 3","Marara",0,0,0
"2018",-1.67,"SPI NDJ","SPI 3","Marara",1,1,1
"2019",1.05,"SPI NDJ","SPI 3","Marara",0,0,0
"2020",-0.32,"SPI NDJ","SPI 3","Marara",0,0,0
"2021",1.06,"SPI NDJ","SPI 3","Marara",0,0,0
"1981",-0.89,"SPI OND","SPI 3","Marara",0,1,1
"1982",-0.89,"SPI OND","SPI 3","Marara",0,1,1
"1983",-0.73,"SPI OND","SPI 3","Marara",0,0,1
"1984",0.24,"SPI OND","SPI 3","Marara",0,0,0
"1985",2.16,"SPI OND","SPI 3","Marara",0,0,0
"1986",0.17,"SPI OND","SPI 3","Marara",0,0,0
"1987",-0.67,"SPI OND","SPI 3","Marara",0,0,0
"1988",-1.36,"SPI OND","SPI 3","Marara",1,1,1
"1989",0.45,"SPI OND","SPI 3","Marara",0,0,0
"1990",-0.99,"SPI OND","SPI 3","Marara",0,1,1
"1991",-1.27,"SPI OND","SPI 3","Marara",1,1,1
"1992",0.2,"SPI OND","SPI 3","Marara",0,0,0
"1993",-0.29,"SPI OND","SPI 3","Marara",0,0,0
"1994",-0.71,"SPI OND","SPI 3","Marara",0,0,1
"1995",1.46,"SPI OND","SPI 3","Marara",0,0,0
"1996",0.68,"SPI OND","SPI 3","Marara",0,0,0
"1997",0.9,"SPI OND","SPI 3","Marara",0,0,0
"1998",0.85,"SPI OND","SPI 3","Marara",0,0,0
"1999",-2.12,"SPI OND","SPI 3","Marara",1,1,1
"2000",0.76,"SPI OND","SPI 3","Marara",0,0,0
"2001",0.48,"SPI OND","SPI 3","Marara",0,0,0
"2002",-0.9,"SPI OND","SPI 3","Marara",0,1,1
"2003",-1.18,"SPI OND","SPI 3","Marara",1,1,1
"2004",1.77,"SPI OND","SPI 3","Marara",0,0,0
"2005",1.01,"SPI OND","SPI 3","Marara",0,0,0
"2006",0.16,"SPI OND","SPI 3","Marara",0,0,0
"2007",1.41,"SPI OND","SPI 3","Marara",0,0,0
"2008",-1.36,"SPI OND","SPI 3","Marara",1,1,1
"2009",1.11,"SPI OND","SPI 3","Marara",0,0,0
"2010",0.3,"SPI OND","SPI 3","Marara",0,0,0
"2011",-0.05,"SPI OND","SPI 3","Marara",0,0,0
"2012",-0.49,"SPI OND","SPI 3","Marara",0,0,0
"2013",-0.7,"SPI OND","SPI 3","Marara",0,0,1
"2014",0.69,"SPI OND","SPI 3","Marara",0,0,0
"2015",-1.09,"SPI OND","SPI 3","Marara",1,1,1
"2016",0.47,"SPI OND","SPI 3","Marara",0,0,0
"2017",-0.26,"SPI OND","SPI 3","Marara",0,0,0
"2018",0.67,"SPI OND","SPI 3","Marara",0,0,0
"2019",-0.91,"SPI OND","SPI 3","Marara",0,1,1
"2020",0.68,"SPI OND","SPI 3","Marara",0,0,0
